,waurika,wishek,billings_livestock,belle_fourche,dublin_livestock,eastern_missouri,elk_city,kist_livestock,winter_livestock_dodge_city,winter_livestock_riverton,winter_livestock_la_junta,winter_livestock_pratt,public_auction_yards,stockmens,miles_city,western,torrington,texhoma,roswell,perham,montana,fandr,napoleon,movalley,glasgow,valley_livestock,nevada,bearpaw,headwaters,clovis,philip,clovis_past,durant,southern_colorado,faith,fergus,knoxville,long_prairie,rich_prairie,yankton,valentine,tricounty,ft_pierre,centennial,lewistown,decatur,lemmon_livestock,producers_greeley,sterling_livestock,marysville,amarillo,haas,twinfalls,blackfoot,brush,manhattan,stjoe,st_onge,producers_madera,waverly,dalhart,sidney,summit,western_stockmans,sd_stockmens,burley,jordan
2001-12-23,,,,,,,,,,,,,,,,,,,,,,,,,,,,,,,,,,,,,,[5],,,,,,,,,,,,,,,,,,,,,,,,,,,,,
2002-10-06,,,,,,,,,,,,,,,,,,,,,,,,,,,,,,,,,,,,,,,,,,,,,,,,,,,,,,,,,,,,,,,[1],,,,
2004-08-22,,,,,,,,,,,,,,,[5],,,,,,,,,,,,,,,,,,,,,,,,,,,,,,,,,,,,,,,,,,,,,,,,,,,,
2004-10-03,,,,,,,,,,,,,,,[1],,,,,,,,,,,,,,,,,,,,,,,,,,,,,,,,,,,,,,,,,,,,,,,,,,,,
2004-10-10,,,,,,,,,,,,,,,[1],,,,,,,,,,,,,,,,,,,,,,,,,,,,,,,,,,,,,,,,,,,,,,,,,,,,
2004-10-17,,,,,,,,,,,,,,,[1],,,,,,,,,,,,,,,,,,,,,,,,,,,,,,,,,,,,,,,,,,,,,,,,,,,,
2004-10-24,,,,,,,,,,,,,,,[1],,,,,,,,,,,,,,,,,,,,,,,,,,,,,,,,,,,,,,,,,,,,,,,,,,,,
2004-10-31,,,,,,,,,,,,,,,[1],,,,,,,,,,,,,,,,,,,,,,,,,,,,,,,,,,,,,,,,,,,,,,,,,,,,
2004-11-07,,,,,,,,,,,,,,,[1],,,,,,,,,,,,,,,,,,,,,,,,,,,,,,,,,,,,,,,,,,,,,,,,,,,,
2004-11-14,,,,,,,,,,,,,,,"[3, 1]",,,,,,,,,,,,,,,,,,,,,,,,,,,,,,,,,,,,,,,,,,,,,,,,,,,,
2004-11-21,,,,,,,,,,,,,,,"[4, 1]",,,,,,,,,,,,,,,,,,,,,,,,,,,,,,,,,,,,,,,,,,,,,,,,,,,,
2004-11-28,,,,,,,,,,,,,,,[1],,,,,,,,,,,,,,,,,,,,,,,,,,,,,,,,,,,,,,,,,,,,,,,,,,,,
2004-12-05,,,,,,,,,,,,,,,[1],,,,,,,,,,,,,,,,,,,,,,,,,,,,,,,,,,,,,,,,,,,,,,,,,,,,
2004-12-12,,,,,,,,,,,,,,,"[1, 4]",,,,,,,,,,,,,,,,,,,,,,,,,,,,,,,,,,,,,,,,,,,,,,,,,,,,
2004-12-19,,,,,,,,,,,,,,,[1],,,,,,,,,,,,,,,,,,,,,,,,,,,,,,,,,,,,,,,,,,,,,,,,,,,,
2004-12-26,,,,,,,,,,,,,,,[1],,,,,,,,,,,,,,,,,,,,,,,,,,,,,,,,,,,,,,,,,,,,,,,,,,,,
2005-01-09,,,,,,,,,,,,,,,[1],,,,,,,,,,,,,,,,,,,,,,,,,,,,,,,,,,,,,,,,,,,,,,,,,,,,
2005-01-16,,,,,,,,,,,,,,,[1],,,,,,,,,,,,,,,,,,,,,,,,,,,,,,,,,,,,,,,,,,,,,,,,,,,,
2005-01-23,,,,,,,,,,,,,,,[1],,,,,,,,,,,,,,,,,,,,,,,,,,,,,,,,,,,,,,,,,,,,,,,,,,,,
2005-01-30,,,,,,,,,,,,,,,[1],,,,,,,,,,,,,,,,,,,,,,,,,,,,,,,,,,,,,,,,,,,,,,,,,,,,
2005-02-06,,,,,,,,,,,,,,,[1],,,,,,,,,,,,,,,,,,,,,,,,,,,,,,,,,,,,,,,,,,,,,,,,,,,,
2005-02-13,,,,,,,,,,,,,,,"[1, 3]",,,,,,,,,,,,,,,,,,,,,,,,,,,,,,,,,,,,,,,,,,,,,,,,,,,,
2005-02-20,,,,,,,,,,,,,,,[1],,,,,,,,,,,,,,,,,,,,,,,,,,,,,,,,,,,,,,,,,,,,,,,,,,,,
2005-02-27,,,,,,,,,,,,,,,[1],,,,,,,,,,,,,,,,,,,,,,,,,,,,,,,,,,,,,,,,,,,,,,,,,,,,
2005-03-06,,,,,,,,,,,,,,,[1],,,,,,,,,,,,,,,,,,,,,,,,,,,,,,,,,,,,,,,,,,,,,,,,,,,,
2005-03-13,,,,,,,,,,,,,,,[1],,,,,,,,,,[3],,,,,,,,,,,,,,,,,,,,,,,,,,,,,,,,,,,,,,,,,,
2005-03-20,,,,,,,,,,,,,,,[1],,,,,,,,,,[3],,,,,,,,,,,,,,,,,,,,,,,,,,,,,,,,,,,,,,,,,,
2005-03-27,,,,,,,,,,,,,,,[1],,,,,,,,,,[3],,,,,,,,,,,,,,,,,,,,,,,,,,,,,,,,,,,,,,,,,,
2005-04-03,,,,,,,,,,,,,,,[1],,,,,,,,,,[3],,,,,,,,,,,,,,,,,,,,,,,,,,,,,,,,,,,,,,,,,,
2005-04-10,,,,,,,,,,,,,,,[1],,,,,,,,,,[3],,,,,,,,,,,,,,,,,,,,,,,,,,,,,,,,,,,,,,,,,,
2005-04-17,,,,,,,,,,,,,,,[1],,,,,,,,,,[3],,,,,,,,,,,,,,,,,,,,,,,,,,,,,,,,,,,,,,,,,,
2005-04-24,,,,,,,,,,,,,,,[1],,,,,,,,,,[3],,,,,,,,,,,,,,,,,,,,,,,,,,,,,,,,,,,,,,,,,,
2005-05-01,,,,,,,,,,,,,,,[1],,,,,,,,,,,,,,,,,,,,,,,,,,,,,,,,,,,,,,,,,,,,,,,,,,,,
2005-05-08,,,,,,,,,,,,,,,[1],,,,,,,,,,[3],,,,,,,,,,,,,,,,,,,,,,,,,,,,,,,,,,,,,,,,,,
2005-05-15,,,,,,,,,,,,,,,[1],,,,,,,,,,[3],,,,,,,,,,,,,,,,,,,,,,,,,,,,,,,,,,,,,,,,,,
2005-05-22,,,,,,,,,,,,,,,[1],,,,,,,,,,[3],,,,,,,,,,,,,,,,,,,,,,,,,,,,,,,,,,,,,,,,,,
2005-05-29,,,,,,,,,,,,,,,[1],,,,,,,,,,[3],,,,,,,,,,,,,,,,,,,,,,,,,,,,,,,,,,,,,,,,,,
2005-06-05,,,,,,,,,,,,,,,[1],,,,,,,,,,[3],,,,,,,,,,,,,,,,,,,,,,,,,,,,,,,,,,,,,,,,,,
2005-06-12,,,,,,,,,,,,,,,[1],,,,,,,,,,[3],,,,,,,,,,,,,,,,,,,,,,,,,,,,,,,,,,,,,,,,,,
2005-06-19,,,,,,,,,,,,,,,[1],,,,,,,,,,[3],,,,,,,,,,,,,,,,,,,,,,,,,,,,,,,,,,,,,,,,,,
2005-06-26,,,,,,,,,,,,,,,[1],,,,,,,,,,[3],,,,,,,,,,,,,,,,,,,,,,,,,,,,,,,,,,,,,,,,,,
2005-07-03,,,,,,,,,,,,,,,[1],,,,,,,,,,[3],,,,,,,,,,,,,,,,,,,,,,,,,,,,,,,,,,,,,,,,,,
2005-07-17,,,,,,,,,,,,,,,[1],,,,,,,,,,[3],,,,,,,,,,,,,,,,,,,,,,,,,,,,,,,,,,,,,,,,,,
2005-07-24,,,,,,,,,,,,,,,,,,,,,,,,,[3],,,,,,,,,,,,,,,,,,,,,,,,,,,,,,,,,,,,,,,,,,
2005-07-31,,,,,,,,,,,,,,,[1],,,,,,,,,,[3],,,,,,,,,,,,,,,,,,,,,,,,,,,,,,,,,,,,,,,,,,
2005-08-07,,,,,,,,,,,,,,,[1],,,,,,,,,,,,,,,,,,,,,,,,,,,,,,,,,,,,,,,,,,,,,,,,,,,,
2005-08-14,,,,,,,,,,,,,,,,,,,,,,,,,[3],,,,,,,,,,,,,,,,,,,,,,,,,,,,,,,,,,,,,,,,,,
2005-08-21,,,,,,,,,,,,,,,[1],,,,,,,,,,[3],,,,,,,,,,,,,,,,,,,,,,,,,,,,,,,,,,,,,,,,,,
2005-08-28,,,,,,,,,,,,,,,,,,,,,,,,,[3],,,,,,,,,,,,,,,,,,,,,,,,,,,,,,,,,,,,,,,,,,
2005-09-04,,,,,,,,,,,,,,,[1],,,,,,,,,,[3],,,,,,,,,,,,,,,,,,,,,,,,,,,,,,,,,,,,,,,,,,
2005-09-18,,,,,,,,,,,,,,,[1],,,,,,,,,,[3],,,,,,,,,,,,,,,,,,,,,,,,,,,,,,,,,,,,,,,,,,
2005-09-25,,,,,,,,,,,,,,,[1],,,,,,,,,,[3],,,,,,,,,,,,,,,,,,,,,,,,,,,,,,,,,,,,,,,,,,
2005-10-02,,,,,,,,,,,,,,,[1],,,,,,,,,,[3],,,,,,,,,,,,,,,,,,,,,,,,,,,,,,,,,,,,,,,,,,
2005-10-09,,,,,,,,,,,,,,,[1],,,,,,,,,,[3],,,,,,,,,,,,,,,,,,,,,,,,,,,,,,,,,,,,,,,,,,
2005-10-16,,,,,,,,,,,,,,,[1],,,,,,,,,,[3],,,,,,,,,,,,,,,,,,,,,,,,,,,,,,,,,,,,,,,,,,
2005-10-23,,,,,,,,,,,,,,,[1],,,,,,,,,,[3],,,,,,,,,,,,,,,,,,,,,,,,,,,,,,,,,,,,,,,,,,
2005-10-30,,,,,,,,,,,,,,,[1],,,,,,,,,,[3],,,,,,,,,,,,,,,,,,,,,,,,,,,,,,,,,,,,,,,,,,
2005-11-06,,,,,,,,,,,,,,,[1],,,,,,,,,,[3],,,,,,,,,,,,,,,,,,,,,,,,,,,,,,,,,,,,,,,,,,
2005-11-13,,,,,,,,,,,,,,,[1],,,,,,,,,,[3],,,,,,,,,,,,,,,,,,,,,,,,,,,,,,,,,,,,,,,,,,
2005-11-20,,,,,,,,,,,,,,,[1],,,,,,,,,,[3],,,,,,,,,,,,,,,,,,,,,,,,,,,,,,,,,,,,,,,,,,
2005-11-27,,,,,,,,,,,,,,,[1],,,,,,,,,,,,,,,,,,,,,,,,,,,,,,,,,,,,,,,,,,,,,,,,,,,,
2005-12-04,,,,,,,,,,,,,,,[1],,,,,,,,,,[3],,,,,,,,,,,,,,,,,,,,,,,,,,,,,,,,,,,,,,,,,,
2005-12-11,,,,,,,,,,,,,,,"[4, 1]",,,,,,,,,,[3],,,,,,,,,,,,,,,,,,,,,,,,,,,,,,,,,,,,,,,,,,
2005-12-18,,,,,,,,,,,,,,,[1],,,,,,,,,,,,,,,,,,,,,,,,,,,,,,,,,,,,,,,,,,,,,,,,,,,,
2005-12-25,,,,,,,,,,,,,,,[1],,,,,,,,,,,,,,,,,,,,,,,,,,,,,,,,,,,,,,,,,,,,,,,,,,,,
2006-01-08,,,,,,,,,,,,,,,[1],,,,,,,,,,[3],,,,,,,,,,,,,,,,,,,,,,,,,,,,,,,,,,,,,,,,,,
2006-01-15,,,,,,,,,,,,,,,[1],,,,,,,,,,[3],,,,,,,,,,,,,,,,,,,,,,,,,,,,,,,,,,,,,,,,,,
2006-01-22,,,,,,,,,,,,,,,[1],,,,,,,,,,[3],,,,,,,,,,,,,,,,,,,,,,,,,,,,,,,,,,,,,,,,,,
2006-01-29,,,,,,,,,,,,,,,[1],,,,,,,,,,[3],,,,,,,,,,,,,,,,,,,,,,,,,,,,,,,,,,,,,,,,,,
2006-02-05,,,,,,,,,,,,,,,[1],,,,,,,,,,[3],,,,,,,,,,,,,,,,,,,,,,,,,,,,,,,,,,,,,,,,,,
2006-02-12,,,,,,,,,,,,,,,[1],,,,,,,,,,[3],,,,,,,,,,,,,,,,,,,,,,,,,,,,,,,,,,,,,,,,,,
2006-02-19,,,,,,,,,,,,,,,[1],,,,,,,,,,[3],,,,,,,,,,,,,,,,,,,,,,,,,,,,,,,,,,,,,,,,,,
2006-02-26,,,,,,,,,,,,,,,[1],,,,,,,,,,[3],,,,,,,,,,,,,,,,,,,,,,,,,,,,,,,,,,,,,,,,,,
2006-03-05,,,,,,,,,,,,,,,[1],,,,,,,,,,,,,,,,,,,,,,,,,,,,,,,,,,,,,,,,,,,,,,,,,,,,
2006-03-12,,,,,,,,,,,,,,,[1],,,,,,,,,,[3],,,,,,,,,,,,,,,,,,,,,,,,,,,,,,,,,,,,,,,,,,
2006-03-19,,,,,,,,,,,,,,,[1],,,,,,,,,,[3],,,,,,,,,,,,,,,,,,,,,,,,,,,,,,,,,,,,,,,,,,
2006-03-26,,,,,,,,,,,,,,,[1],,,,,,,,,,,,,,,,,,,,,,,,,,,,,,,,,,,,,,,,,,,,,,,,,,,,
2006-04-02,,,,,,,,,,,,,,,[1],,,,,,,,,,,,,,,,,,,,,,,,,,,,,,,,,,,,,,,,,,,,,,,,,,,,
2006-04-09,,,,,,,,,,,,,,,[1],,,,,,,,,,,,,,,,,,,,,,,,,,,,,,,,,,,,,,,,,,,,,,,,,,,,
2006-04-23,,,,,,,,,,,,,,,[1],,,,,,,,,,[3],,,,,,,,,,,,,,,,,,,,,,,,,,,,,,,,,,,,,,,,,,
2006-04-30,,,,,,,,,,,,,,,[1],,,,,,,,,,[3],,,,,,,,,,,,,,,,,,,,,,,,,,,,,,,,,,,,,,,,,,
2006-05-07,,,,,,,,,,,,,,,[1],,,,,,,,,,[3],,,,,,,,,,,,,,,,,,,,,,,,,,,,,,,,,,,,,,,,,,
2006-05-14,,,,,,,,,,,,,,,[1],,,,,,,,,,[3],,,,,,,,,,,,,,,,,,,,,,,,,,,,,,,,,,,,,,,,,,
2006-05-21,,,,,,,,,,,,,,,"[1, 6, 2]",,,,,,,,,,[3],,,,,,,,,,,,,,,,,,,,,,,,,,,,,,,,,,,,,,,,,,
2006-05-28,,,,,,,,,,,,,,,[1],,,,,,,,,,[3],,,,,,,,,,,,,,,,,,,,,,,,,,,,,,,,,,,,,,,,,,
2006-06-04,,,,,,,,,,,,,,,[1],,,,,,,,,,[3],,,,,,,,,,,,,,,,,,,,,,,,,,,,,,,,,,,,,,,,,,
2006-06-11,,,,,,,,,,,,,,,[1],,,,,,,,,,[3],,,,,,,,,,,,,,,,,,,,,,,,,,,,,,,,,,,,,,,,,,
2006-06-18,,,,,,,,,,,,,,,[1],,,,,,,,,,[3],,,,,,,,,,,,,,,,,,,,,,,,,,,,,,,,,,,,,,,,,,
2006-06-25,,,,,,,,,,,,,,,[1],,,,,,,,,,[3],,,,,,,,,,,,,,,,,,,,,,,,,,,,,,,,,,,,,,,,,,
2006-07-02,,,,,,,,,,,,,,,[1],,,,,,,,,,[3],,,,,,,,,,,,,,,,,,,,,,,,,,,,,,,,,,,,,,,,,,
2006-07-16,,,,,,,,,,,,,,,[1],,,,,,,,,,[3],,,,,,,,,,,,,,,,,,,,,,,,,,,,,,,,,,,,,,,,,,
2006-07-23,,,,,,,,,,,,,,,,,,,,,,,,,[3],,,,,,,,,,,,,,,,,,,,,,,,,,,,,,,,,,,,,,,,,,
2006-07-30,,,,,,,,,,,,,,,,,,,,,,,,,[3],,,,,,,,,,,,,,,,,,,,,,,,,,,,,,,,,,,,,,,,,,
2006-08-06,,,,,,,,,,,,,,,[1],,,,,,,,,,[3],,,,,,,,,,,,,,,,,,,,,,,,,,,,,,,,,,,,,,,,,,
2006-08-13,,,,,,,,,,,,,,,,,,,,,,,,,[3],,,,,,,,,,,,,,,,,,,,,,,,,,,,,,,,,,,,,,,,,,
2006-08-20,,,,,,,,,,,,,,,[1],,,,,,,,,,[3],,,,,,,,,,,,,,,,,,,,,,,,,,,,,,,,,,,,,,,,,,
2006-08-27,,,,,,,,,,,,,,,[1],,,,,,,,,,[3],,,,,,,,,,,,,,,,,,,,,,,,,,,,,,,,,,,,,,,,,,
2006-09-03,,,,,,,,,,,,,,,[1],,,,,,,,,,[3],,,,,,,,,,,,,,,,,,,,,,,,,,,,,,,,,,,,,,,,,,
2006-09-17,,,,,,,,,,,,,,,[1],,,,,,,,,,[3],,,,,,,,,,,,,,,,,,,,,,,,,,,,,,,,,,,,,,,,,,
2006-09-24,,,,,,,,,,,,,,,[1],,,,,,,,,,[3],,,,,,,,,,,,,,,,,,,,,,,,,,,,,,,,,,,,,,,,,,
2006-10-01,,,,,,,,,,,,,,,[1],,,,,,,,,,[3],,,,,,,,,,,,,,,,,,,,,,,,,,,,,,,,,,,,,,,,,,
2006-10-08,,,,,,,,,,,,,,,[1],,,,,,,,,,[3],,,,,,,,,,,,,,,,,,,,,,,,,,,,,,,,,,,,,,,,,,
2006-10-15,,,,,,,,,,,,,,,[1],,,,,,,,,,[3],,,,,,,,,,,,,,,,,,,,,,,,,,,,,,,,,,,,,,,,,,
2006-10-22,,,,,,,,,,,,,,,[1],,,,,,,,,,[3],,,,,,,,,,,,,,,,,,,,,,,,,,,,,,,,,,,,,,,,,,
2006-10-29,,,,,,,,,,,,,,,[1],,,,,,,,,,[3],,,,,,,,,,,,,,,,,,,,,,,,,,,,,,,,,,,,,,,,,,
2006-11-05,,,,,,,,,,,,,,,[1],,,,,,,,,,[3],,,,,,,,,,,,,,,,,,,,,,,,,,,,,,,,,,,,,,,,,,
2006-11-12,,,,,,,,,,,,,,,[1],,,,,,,,,,[3],,,,,,,,,,,,,,,,,,,,,,,,,,,,,,,,,,,,,,,,,,
2006-11-19,,,,,,,,,,,,,,,"[1, 4]",,,,,,,,,,[3],,,,,,,,,,,,,,,,,,,,,,,,,,,,,,,,,,,,,,,,,,
2006-11-26,,,,,,,,,,,,,,,[1],,,,,,,,,,,,,,,,,,,,,,,,,,,,,,,,,,,,,,,,,,,,,,,,,,,,
2006-12-03,,,,,,,,,,,,,,,[1],,,,,,,,,,,,,,,,,,,,,,,,,,,,,,,,,,,,,,,,,,,,,,,,,,,,
2006-12-10,,,,,,,,,,,,,,,"[1, 4]",,,,,,,,,,[3],,,,,,,,,,,,,,,,,,,,,,,,,,,,,,,,,,,,,,,,,,
2006-12-17,,,,,,,,,,,,,,,[1],,,,,,,,,,[3],,,,,,,,,,,,,,,,,,,,,,,,,,,,,,,,,,,,,,,,,,
2006-12-24,,,,,,,,,,,,,,,[1],,,,,,,,,,[3],,,,,,,,,,,,,,,,,,,,,,,,,,,,,,,,,,,,,,,,,,
2007-01-07,,,[3],,,,,,,,,,,,,,,,,,,,,,,,,,,,,,,,,,,,,,,,,,,,,,,,,,,,,,,,,,,,,,,,
2007-01-14,,,[3],,,,,[2],,,,,,,[1],,,,,,,,,,[3],,,,,,,,,,,,,,,,,,,,,,,,,,,,,,,,,,,,,,,,,,
2007-01-21,,,[3],,,,,,,,,,,,"[4, 1]",,,,,,,,,,[3],,,,,,,,,,,,,,,,,,,,,,,,,,,,,,,,,,,,,,,,,,
2007-01-28,,,,,,,,[2],,,,,,,[1],,,,,,,,,,[3],,,,,,,,,,,,,,,,,,,,,,,,,,,,,,,,,,,,,,,,,,
2007-02-04,,,[3],,,,,[2],,,,,,,[1],,,,,,,,,,[3],,,,,,,,,,,,,,,,,,,,,,,,,,,,,,,,,,,,,,,,,,
2007-02-11,,,[3],,,,,[2],,,,,,,[1],,,,,,,,,,[3],,,,,,,,,,,,,,,,,,,,,,,,,,,,,,,,,,,,,,,,,,
2007-02-18,,,[3],,,,,[2],,,,,,,[1],,,,,,,,,,[3],,,,,,,,,,,,,,,,,,,,,,,,,,,,,,,,,,,,,,,,,,
2007-02-25,,,[3],,,,,[2],,,,,,,[1],,,,,,,,,,[3],,,,,,,,,,,,,,,,,,,,,,,,,,,,,,,,,,,,,,,,,,
2007-03-04,,,,,,,,[2],,,,,,,[1],,,,,,,,,,[3],,,,,,,,,,,,,,,,,,,,,,,,,,,,,,,,,,,,,,,,,,
2007-03-11,,,,,,,,[2],,,,,,,[1],,,,,,,,,,[3],,,,,,,,,,,,,,,,,,,,,,,,,,,,,,,,,,,,,,,,,,
2007-03-18,,,[3],,,,,[2],,,,,,,[1],,,,,,,,,,[3],,,,,,,,,,,,,,,,,,,,,,,,,,,,,,,,,,,,,,,,,,
2007-03-25,,,[3],,,,,[2],,,,,,,,,,,,,,,,,[3],,,,,,,,,,,,,,,,,,,,,,,,,,,,,,,,,,,,,,,,,,
2007-04-01,,,[3],,,,,[2],,,,,,,[1],,,,,,,,,,[3],,,,,,,,,,,,,,,,,,,,,,,,,,,,,,,,,,,,,,,,,,
2007-04-08,,,[3],,,,,[2],,,,,,,[1],,,,,,,,,,[3],,,,,,,,,,,,,,,,,,,,,,,,,,,,,,,,,,,,,,,,,,
2007-04-15,,,[3],,,,,[2],,,,,,,[1],,,,,,,,,,[3],,,,,,,,,,,,,,,,,,,,,,,,,,,,,,,,,,,,,,,,,,
2007-04-22,,,[3],,,,,[2],,,,,,,[1],,,,,,,,,,[3],,,,,,,,,,,,,,,,,,,,,,,,,,,,,,,,,,,,,,,,,,
2007-04-29,,,[3],,,,,[2],,,,,,,[1],,,,,,,,,,[3],,,,,,,,,,,,,,,,,,,,,,,,,,,,,,,,,,,,,,,,,,
2007-05-06,,,,,,,,,,,,,,,[1],,,,,,,,,,[3],,,,,,,,,,,,,,,,,,,,,,,,,,,,,,,,,,,,,,,,,,
2007-05-13,,,,,,,,[2],,,,,,,[1],,,,,,,,,,[3],,,,,,,,,,,,,,,,,,,,,,,,,,,,,,,,,,,,,,,,,,
2007-05-20,,,[3],,,,,[2],,,,,,,[1],,,,,,,,,,[3],,,,,,,,,,,,,,,,,,,,,,,,,,,,,,,,,,,,,,,,,,
2007-05-27,,,[3],,,,,[2],,,,,,,[1],,,,,,,,,,[3],,,,,,,,,,,,,,,,,,,,,,,,,,,,,,,,,,,,,,,,,,
2007-06-03,,,[3],,,,,,,,,,,,[1],,,,,,,,,,[3],,,,,,,,,,,,,,,,,,,,,,,,,,,,,,,,,,,,,,,,,,
2007-06-10,,,[3],,,,,[2],,,,,,,[1],,,,,,,,,,[3],,,,,,,,,,,,,,,,,,,,,,,,,,,,,,,,,,,,,,,,,,
2007-06-17,,,[3],,,,,[2],,,,,,,[1],,,,,,,,,,[3],,,,,,,,,,,,,,,,,,,,,,,,,,,,,,,,,,,,,,,,,,
2007-06-24,,,[3],,,,,,,,,,,,[1],,,,,,,,,,[3],,,,,,,,,,,,,,,,,,,,,,,,,,,,,,,,,,,,,,,,,,
2007-07-01,,,[3],,,,,[2],,,,,,,[1],,,,,,,,,,[3],,,,,,,,,,,,,,,,,,,,,,,,,,,,,,,,,,,,,,,,,,
2007-07-15,,,[3],,,,,,,,,,,,[1],,,,,,,,,,[3],,,,,,,,,,,,,,,,,,,,,,,,,,,,,,,,,,,,,,,,,,
2007-07-29,,,[3],,,,,[2],,,,,,,[1],,,,,,,,,,[3],,,,,,,,,,,,,,,,,,,,,,,,,,,,,,,,,,,,,,,,,,
2007-08-12,,,[3],,,,,,,,,,,,[1],,,,,,,,,,[3],,,,,,,,,,,,,,,,,,,,,,,,,,,,,,,,,,,,,,,,,,
2007-08-19,,,[3],,,,,,,,,,,,,,,,,,,,,,[3],,,,,,,,,,,,,,,,,,,,,,,,,,,,,,,,,,,,,,,,,,
2007-08-26,,,,,,,,[2],,,,,,,[1],,,,,,,,,,[3],,,,,,,,,,,,,,,,,,,,,,,,,,,,,,,,,,,,,,,,,,
2007-09-02,,,[3],,,,,[2],,,,,,,[1],,,,,,,,,,,,,,,,,,,,,,,,,,,,,,,,,,,,,,,,,,,,,,,,,,,,
2007-09-09,,,[3],,,,,[2],,,,,,,,,,,,,,,,,[3],,,,,,,,,,,,,,,,,,,,,,,,,,,,,,,,,,,,,,,,,,
2007-09-16,,,[3],,,,,,,,,,,,[1],,,,,,,,,,[3],,,,,,,,,,,,,,,,,,,,,,,,,,,,,,,,,,,,,,,,,,
2007-09-23,,,[3],,,,,[2],,,,,,,[1],,,,,,,,,,[3],,,,,,,,,,,,,,,,,,,,,,,,,,,,,,,,,,,,,,,,,,
2007-09-30,,,[3],,,,,[2],,,,,,,[1],,,,,,,,,,[3],,,,,,,,,,,,,,,,,,,,,,,,,,,,,,,,,,,,,,,,,,
2007-10-07,,,[3],,,,,,,,,,,,[1],,,,,,,,,,[3],,,,,,,,,,,,,,,,,,,,,,,,,,,,,,,,,,,,,,,,,,
2007-10-14,,,[3],,,,,[2],,,,,,,[1],,,,,,,,,,[3],,,,,,,,,,,,,,,,,,,,,,,,,,,,,,,,,,,,,,,,,,
2007-10-21,,,[3],,,,,[2],,,,,,,[1],,,,,,,,,,[3],,,,,,,,,,,,,,,,,,,,,,,,,,,,,,,,,,,,,,,,,,
2007-10-28,,,[3],,,,,[2],,,,,,,[1],,,,,,,,,,[3],,,,,,,,,,,,,,,,,,,,,,,,,,,,,,,,,,,,,,,,,,
2007-11-04,,,[3],,,,,[2],,,,,,,[1],,,,,,,,,,[3],,,,,,,,,,,,,,,,,,,,,,,,,,,,,,,,,,,,,,,,,,
2007-11-11,,,[3],,,,,[2],,,,,,,[1],,,,,,,,,,[3],,,,,,,,,,,,,,,,,,,,,,,,,,,,,,,,,,,,,,,,,,
2007-11-18,,,[3],,,,,[2],,,,,,,"[4, 1]",,,,,,,,,,[3],,,,,,,,,,,,,,,,,,,,,,,,,,,,,,,,,,,,,,,,,,
2007-11-25,,,[0],,,,,[2],,,,,,,[1],,,,,,,,,,,,,,,,,,,,,,,,,,,,,,,,,,,,,,,,,,,,,,,,,,,,
2007-12-02,,,[3],,,,,[2],,,,,,,[1],,,,,,,,,,[3],,,,,,,,,,,,,,,,,,,,,,,,,,,,,,,,,,,,,,,,,,
2007-12-09,,,[3],,,,,[2],,,,,,,[1],,,,,,,,,,[3],,,,,,,,,,,,,,,,,,,,,,,,,,,,,,,,,,,,,,,,,,
2007-12-16,,,"[3, 1]",,,,,[2],,,,,,,"[4, 1]",,,,,,,,,,[3],,,,,,,,,,,,,,,,,,,,,,,,,,,,,,,,,,,,,,,,,,
2007-12-23,,,[3],,,,,"[2, 5]",,,,,,,[1],,,,,,,,,,[3],,,,,,,,,,,,,,,,,,,,,,,,,,,,,,,,,,,,,,,,,,
2008-01-06,,,[3],,,,,[2],,,,,,,,,,,,,,,,,,,,,,,,,,,,,,,,,,,,,,,,,,,,,,,,,,,,,,,,,,,
2008-01-13,,,[3],,,,,[2],,,,,,,[1],,,,,,,,,,[3],,,,,,,,,,,,,,,,,,,,,,,,,,,,,,,,,,,,,,,,,,
2008-01-20,,,[3],,,,,[2],,,,,,,"[1, 4]",,,,,,,,,,[3],,,,,,,,,,,,,,,,,,,,,,,,,,,,,,,,,,,,,,,,,,
2008-01-27,,,[3],,,,,[2],,,,,,,[1],,,,,,,,,,[3],,,,,,,,,,,,,,,,,,,,,,,,,,,,,,,,,,,,,,,,,,
2008-02-03,,,[3],,,,,[2],,,,,,,[1],,,,,,,,,,,,,,,,,,,,,,,,,,,,,,,,,,,,,,,,,,,,,,,,,,,,
2008-02-10,,,[3],,,,,"[2, 5]",,,,,,,[1],,,,,,,,,,[3],,,,,,,,,,,,,,,,,,,,,,,,,,,,,,,,,,,,,,,,,,
2008-02-17,,,[3],,,,,[2],,,,,,,[1],,,,,,,,,,[3],,,,,,,,,,,,,,,,,,,,,,,,,,,,,,,,,,,,,,,,,,
2008-02-24,,,[3],,,,,[2],,,,,,,[1],,,,,,,,,,[3],,,,,,,,,,,,,,,,,,,,,,,,,,,,,,,,,,,,,,,,,,
2008-03-02,,,[3],,,,,"[2, 5]",,,,,,,[1],,,,,,,,,,[3],,,,,,,,,,,,,,,,,,,,,,,,,,,,,,,,,,,,,,,,,,
2008-03-09,,,[3],,,,,[2],,,,,,,[1],,,,,,,,,,[3],,,,,,,,,,,,,,,,,,,,,,,,,,,,,,,,,,,,,,,,,,
2008-03-16,,,[3],,,,,[2],,,,,,,[1],,,,,,,,,,[3],,,,,,,,,,,,,,,,,,,,,,,,,,,,,,,,,,,,,,,,,,
2008-03-23,,,[3],,,,,[2],,,,,,,[1],,,,,,,,,,[3],,,,,,,,,,,,,,,,,,,,,,,,,,,,,,,,,,,,,,,,,,
2008-03-30,,,[3],,,,,[2],,,,,,,[1],,,,,,,,,,[3],,,,,,,,,,,,,,,,,,,,,,,,,,,,,,,,,,,,,,,,,,
2008-04-06,,,[3],,,,,[2],,,,,,,[1],,,,,,,,,,[3],,,,,,,,,,,,,,,,,,,,,,,,,,,,,,,,,,,,,,,,,,
2008-04-13,,,[3],,,,,[2],,,,,,,[1],,,,,,,,,,[3],,,,,,,,,,,,,,,,,,,,,,,,,,,,,,,,,,,,,,,,,,
2008-04-20,,,[3],,,,,[2],,,,,,,[1],,,,,,,,,,[3],,,,,,,,,,,,,,,,,,,,,,,,,,,,,,,,,,,,,,,,,,
2008-04-27,,,[3],,,,,[2],,,,,,,[1],,,,,,,,,,[3],,,,,,,,,,,,,,,,,,,,,,,,,,,,,,,,,,,,,,,,,,
2008-05-04,,,[3],,,,,[2],,,,,,,[1],,,,,,,,,,[3],,,,,,,,,,,,,,,,,,,,,,,,,,,,,,,,,,,,,,,,,,
2008-05-11,,,[3],,,,,[2],,,,,,,[1],,,,,,,,,,[3],,,,,,,,,,,,,,,,,,,,,,,,,,,,,,,,,,,,,,,,,,
2008-05-18,,,[3],,,,,[2],,,,,,,[1],,,,,,,,,,[3],,,,,,,,,,,,,,,,,,,,,,,,,,,,,,,,,,,,,,,,,,
2008-05-25,,,[3],,,,,[2],,,,,,,[1],,,,,,,,,,[3],,,,,,,,,,,,,,,,,,,,,,,,,,,,,,,,,,,,,,,,,,
2008-06-01,,,[3],,,,,[2],,,,,,,[1],,,,,,,,,,[3],,,,,,,,,,,,,,,,,,,,,,,,,,,,,,,,,,,,,,,,,,
2008-06-08,,,[3],,,,,[2],,,,,,,[1],,,,,,,,,,[3],,,,,,,,,,,,,,,,,,,,,,,,,,,,,,,,,,,,,,,,,,
2008-06-15,,,[3],,,,,[2],,,,,,,[1],,,,,,,,,,[3],,,,,,,,,,,,,,,,,,,,,,,,,,,,,,,,,,,,,,,,,,
2008-06-22,,,[3],,,,,[2],,,,,,,[1],,,,,,,,,,[3],,,,,,,,,,,,,,,,,,,,,,,,,,,,,,,,,,,,,,,,,,
2008-06-29,,,[3],,,,,[2],,,,,,,[1],,,,,,,,,,[3],,,,,,,,,,,,,,,,,,,,,,,,,,,,,,,,,,,,,,,,,,
2008-07-06,,,,,,,,,,,,,,,[1],,,,,,,,,,,,,,,,,,,,,,,,,,,,,,,,,,,,,,,,,,,,,,,,,,,,
2008-07-13,,,[3],,,,,[2],,,,,,,,,,,,,,,,,[3],,,,,,,,,,,,,,,,,,,,,,,,,,,,,,,,,,,,,,,,,,
2008-07-20,,,,,,,,[2],,,,,,,[1],,,,,,,,,,[3],,,,,,,,,,,,,,,,,,,,,,,,,,,,,,,,,,,,,,,,,,
2008-07-27,,,[6],,,,,,,,,,,,,,,,,,,,,,[3],,,,,,,,,,,,,,,,,,,,,,,,,,,,,,,,,,,,,,,,,,
2008-08-03,,,,,,,,,,,,,,,[1],,,,,,,,,,,,,,,,,,,,,,,,,,,,,,,,,,,,,,,,,,,,,,,,,,,,
2008-08-10,,,[3],,,,,[2],,,,,,,,,,,,,,,,,[3],,,,,,,,,,,,,,,,,,,,,,,,,,,,,,,,,,,,,,,,,,
2008-08-17,,,[3],,,,,[2],,,,,,,[1],,,,,,,,,,,,,,,,,,,,,,,,,,,,,,,,,,,,,,,,,,,,,,,,,,,,
2008-08-24,,,,,,,,[2],,,,,,,[1],,,,,,,,,,[3],,,,,,,,,,,,,,,,,,,,,,,,,,,,,,,,,,,,,,,,,,
2008-08-31,,,[3],,,,,[2],,,,,,,[1],,,,,,,,,,,,,,,,,,,,,,,,,,,,,,,,,,,,,,,,,,,,,,,,,,,,
2008-09-07,,,[3],,,,,[2],,,,,,,,,,,,,,,,,[3],,,,,,,,,,,,,,,,,,,,,,,,,,,,,,,,,,,,,,,,,,
2008-09-14,,,[3],,,,,[2],,,,,,,[1],,,,,,,,,,[3],,,,,,,,,,,,,,,,,,,,,,,,,,,,,,,,,,,,,,,,,,
2008-09-21,,,[3],,,,,[2],,,,,,,"[2, 1]",,,,,,,,,,[3],,,,,,,,,,,,,,,,,,,,,,,,,,,,,,,,,,,,,,,,,,
2008-09-28,,,[3],,,,,[2],,,,,,,[1],,,,,,,,,,[3],,,,,,,,,,,,,,,,,,,,,,,,,,,,,,,,,,,,,,,,,,
2008-10-05,,,,,,,,[2],,,,,,,[1],,,,,,,,,,[3],,,,,,,,,,,,,,,,,,,,,,,,,,,,,,,,,,,,,,,,,,
2008-10-12,,,[4],,,,,[2],,,,,,,"[1, 0]",,,,,,,,,,[3],,,,,,,,,,,,,,,,,,,,,,,,,,,,,,,,,,,,,,,,,,
2008-10-19,,,[3],,,,,[2],,,,,,,"[1, 0]",,,,,,,,,,,,,,,,,,,,,,,,,,,,,,,,,,,,,,,,,,,,,,,,,,,,
2008-10-26,,,[3],,,,,[2],,,,,,,[1],,,,,,,,,,[3],,,,,,,,,,,,,,,,,,,,,,,,,,,,,,,,,,,,,,,,,,
2008-11-02,,,[4],,,,,[2],,,,,,,[1],,,,,,,,,,[3],,,,,,,,,,,,,,,,,,,,,,,,,,,,,,,,,,,,,,,,,,
2008-11-09,,,[3],,,,,[2],,,,,,,[1],,,,,,,,,,,,,,,,,,,,,,,,,,,,,,,,,,,,,,,,,,,,,,,,,,,,
2008-11-16,,,[3],,,,,[2],,,,,,,"[4, 1]",,,,,,,,,,[3],,,,,,,,,,,,,,,,,,,,,,,,,,,,,,,,,,,,,,,,,,
2008-11-23,,,[3],,,,,[2],,,,,,,[1],,,,,,,,,,[3],,,,,,,,,,,,,,,,,,,,,,,,,,,,,,,,,,,,,,,,,,
2008-11-30,,,[0],,,,,,,,,,,,[1],,,,,,,,,,,,,,,,,,,,,,,,,,,,,,,,,,,,,,,,,,,,,,,,,,,,
2008-12-07,,,[3],,,,,[2],,,,,,,[1],,,,,,,,,,[3],,,,,,,,,,,,,,,,,,,,,,,,,,,,,,,,,,,,,,,,,,
2008-12-14,,,[3],,,,,[2],,,,,,,"[4, 2]",,,,,,,,,,[3],,,,,,,,,,,,,,,,,,,,,,,,,,,,,,,,,,,,,,,,,,
2008-12-21,,,,,,,,[2],,,,,,,[1],,,,,,,,,,[3],,,,,,,,,,,,,,,,,,,,,,,,,,,,,,,,,,,,,,,,,,
2009-01-11,,,,,,,,[2],,,,,,,[1],,,,,,,,,,[3],,,,,,,,,,,,,,,,,,,,,,,,,,,,,,,,,,,,,,,,,,
2009-01-18,,,,,,,,[2],,,,,,,[1],,,,,,,,,,[3],,,,,,,,,,,,,,,,,,,,,,,,,,,,,,,,,,,,,,,,,,
2009-01-25,,,,,,,,[2],,,,,,,[1],,,,,,,,,,[3],,,,,,,,,,,,,,,,,,,,,,,,,,,,,,,,,,,,,,,,,,
2009-02-01,,,,,,,,[2],,,,,,,[1],,,,,,,,,,[3],,,,,,,,,,,,,,,,,,,,,,,,,,,,,,,,,,,,,,,,,,
2009-02-08,,,,,,,,[2],,,,,,,[1],,,,,,,,,,[3],,,,,,,,,,,,,,,,,,,,,,,,,,,,,,,,,,,,,,,,,,
2009-02-15,,,,,,,,[2],,,,,,,[1],,,,,,,,,,[3],,,,,,,,,,,,,,,,,,,,,,,,,,,,,,,,,,,,,,,,,,
2009-02-22,,,,,,,,[2],,,,,,,[1],,,,,,,,,,[3],,,,,,,,,,,,,,,,,,,,,,,,,,,,,,,,,,,,,,,,,,
2009-03-01,,,,,,,,[2],,,,,,,[1],,,,,,,,,,[3],,,,,,,,,,,,,,,,,,,,,,,,,,,,,,,,,,,,,,,,,,
2009-03-08,,,[3],,,,,[2],,,,,,,[1],,,,,,,,,,[3],,,,,,,,,,,,,,,,,,,,,,,,,,,,,,,,,,,,,,,,,,
2009-03-15,,,[3],,,,,,,,,,,,[1],,,,,,,,,,[3],,,,,,,,,,,,,,,,,,,,,,,,,,,,,,,,,,,,,,,,,,
2009-03-22,,,[3],,,,,[2],,,,,,,[1],,,,,,,,,,[3],,,,,,,,,,,,,,,,,,,,,,,,,,,,,,,,,,,,,,,,,,
2009-03-29,,,[3],,,,,,,,,,,,[1],,,,,,,,,,[3],,,,,,,,,,,,,,,,,,,,,,,,,,,,,,,,,,,,,,,,,,
2009-04-05,,,[3],,,,,[2],,,,,,,,,,,,,,,,,[3],,,,,,,,,,,,,,,,,,,,,,,,,,,,,,,,,,,,,,,,,,
2009-04-12,,,[3],,,,,[2],,,,,,,[1],,,,,,,,,,[3],,,,,,,,,,,,,,,,,,,,,,,,,,,,,,,,,,,,,,,,,,
2009-04-19,,,[3],,,,,[2],,,,,,,[1],,,,,,,,,,[3],,,,,,,,,,,,,,,,,,,,,,,,,,,,,,,,,,,,,,,,,,
2009-04-26,,,[3],,,,,[2],,,,,,,[1],,,,,,,,,,[3],,,,,,,,,,,,,,,,,,,,,,,,,,,,,,,,,,,,,,,,,,
2009-05-03,,,[3],,,,,[2],,,,,,,[1],,,,,,,,,,[3],,,,,,,,,,,,,,,,,,,,,,,,,,,,,,,,,,,,,,,,,,
2009-05-10,,,[3],,,,,,,,,,,,[1],,,,,,,,,,[3],,,,,,,,,,,,,,,,,,,,,,,,,,,,,,,,,,,,,,,,,,
2009-05-17,,,[3],,,,,[2],,,,,,,[1],,,,,,,,,,[3],,,,,,,,,,,,,,,,,,,,,,,,,,,,,,,,,,,,,,,,,,
2009-05-24,,,[3],,,,,[2],,,,,,,[1],,,,,,,,,,[3],,,,,,,,,,,,,,,,,,,,,,,,,,,,,,,,,,,,,,,,,,
2009-05-31,,,[3],,,,,[2],,,,,,,[1],,,,,,,,,,[3],,,,,,,,,,,,,,,,,,,,,,,,,,,,,,,,,,,,,,,,,,
2009-06-07,,,[3],,,,,[2],,,,,,,[1],,,,,,,,,,[3],,,,,,,,,,,,,,,,,,,,,,,,,,,,,,,,,,,,,,,,,,
2009-06-14,,,[3],,,,,[2],,,,,,,[1],,,,,,,,,,[3],,,,,,,,,,,,,,,,,,,,,,,,,,,,,,,,,,,,,,,,,,
2009-06-21,,,[3],,,,,[2],,,,,,,[1],,,,,,,,,,[3],,,,,,,,,,,,,,,,,,,,,,,,,,,,,,,,,,,,,,,,,,
2009-06-28,,,[3],,,,,[2],,,,,,,[1],,,,,,,,,,[3],,,,,,,,,,,,,,,,,,,,,,,,,,,,,,,,,,,,,,,,,,
2009-07-05,,,,,,,,,,,,,,,[1],,,,,,,,,,,,,,,,,,,,,,,,,,,,,,,,,,,,,,,,,,,,,,,,,,,,
2009-07-12,,,[3],,,,,[2],,,,,,,[1],,,,,,,,,,[3],,,,,,,,,,,,,,,,,,,,,,,,,,,,,,,,,,,,,,,,,,
2009-07-19,,,,,,,,,,,,,,,,,,,,,,,,,[3],,,,,,,,,,,,,,,,,,,,,,,,,,,,,,,,,,,,,,,,,,
2009-07-26,,,[3],,,,,[2],,,,,,,[1],,,,,,,,,,[3],,,,,,,,,,,,,,,,,,,,,,,,,,,,,,,,,,,,,,,,,,
2009-08-02,,,,,,,,[2],,,,,,,,,,,,,,,,,,,,,,,,,,,,,,,,,,,,,,,,,,,,,,,,,,,,,,,,,,,
2009-08-09,,,[3],,,,,[2],,,,,,,[1],,,,,,,,,,[3],,,,,,,,,,,,,,,,,,,,,,,,,,,,,,,,,,,,,,,,,,
2009-08-16,,,[3],,,,,[2],,,,,,,,,,,,,,,,,,,,,,,,,,,,,,,,,,,,,,,,,,,,,,,,,,,,,,,,,,,
2009-08-23,,,[3],,,,,[2],,,,,,,[1],,,,,,,,,,[3],,,,,,,,,,,,,,,,,,,,,,,,,,,,,,,,,,,,,,,,,,
2009-08-30,,,,,,,,[2],,,,,,,[1],,,,,,,,,,,,,,,,,,,,,,,,,,,,,,,,,,,,,,,,,,,,,,,,,,,,
2009-09-06,,,,,,,,[2],,,,,,,[1],,,,,,,,,,,,,,,,,,,,,,,,,,,,,,,,,,,,,,,,,,,,,,,,,,,,
2009-09-13,,,[3],,,,,[2],,,,,,,,,,,,,,,,,,,,,,,,,,,,,,,,,,,,,,,,,,,,,,,,,,,,,,,,,,,
2009-09-20,,,[3],,,,,[2],,,,,,,[1],,,,,,,,,,[3],,,,,,,,,,,,,,,,,,,,,,,,,,,,,,,,,,,,,,,,,,
2009-09-27,,,,,,,,[2],,,,,,,[1],,,,,,,,,,,,,,,,,,,,,,,,,,,,,,,,,,,,,,,,,,,,,,,,,,,,
2009-10-04,,,,,,,,,,,,,,,[1],,,,,,,,,,,,,,,,,,,,,,,,,,,,,,,,,,,,,,,,,,,,,,,,,,,,
2009-10-11,,,,,,,,[2],,,,,,,[1],,,,,,,,,,[3],,,,,,,,,,,,,,,,,,,,,,,,,,,,,,,,,,,,,,,,,,
2009-10-18,,,[3],,,,,[2],,,,,,,[1],,,,,,,,,,[3],,,,,,,,,,,,,,,,,,,,,,,,,,,,,,,,,,,,,,,,,,
2009-10-25,,,,,,,,[2],,,,,,,[1],,,,,,,,,,[3],,,,,,,,,,,,,,,,,,,,,,,,,,,,,,,,,,,,,,,,,,
2009-11-01,,,[3],,,,,[2],,,,,,,[1],,,,,,,,,,[4],,,,,,,,,,,,,,,,,,,,,,,,,,,,,,,,,,,,,,,,,,
2009-11-08,,,[3],,,,,[2],,,,,,,[1],,,,,,,,,,[3],,,,,,,,,,,,,,,,,,,,,,,,,,,,,,,,,,,,,,,,,,
2009-11-15,,,[3],,,,,[2],,,,,,,"[4, 1]",,,,,,,,,,[3],,,,,,,,,,,,,,,,,,,,,,,,,,,,,,,,,,,,,,,,,,
2009-11-22,,,"[0, 3]",,,,,[2],,,,,,,[1],,,,,,,,,,[3],,,,,,,,,,,,,,,,,,,,,,,,,,,,,,,,,,,,,,,,,,
2009-11-29,,,,,,,,,,,,,,,[1],,,,,,,,,,,,,,,,,,,,,,,,,,,,,,,,,,,,,,,,,,,,,,,,,,,,
2009-12-06,,,[3],,,,,[2],,,,,,,[1],,,,,,,,,,[3],,,,,,,,,,,,,,,,,,,,,,,,,,,,,,,,,,,,,,,,,,
2009-12-13,,,"[3, 5]",,,,,[2],,,,,,,"[1, 4]",,,,,,,,,,[3],,,,,,,,,,,,,,,,,,,,,,,,,,,,,,,,,,,,,,,,,,
2009-12-20,,,[3],,,,,[2],,,,,,,[1],,,,,,,,,,[3],,,,,,,,,,,,,,,,,,,,,,,,,,,,,,,,,,,,,,,,,,
2010-01-10,,,,,,,,[2],,,,,,,[1],,,,,,,,,,[3],,,,,,,,,,,,,,,,,,,,,,,,,,,,,,,,,[4],,,,,,,,,
2010-01-17,,,[3],,,,,[2],,,,,,,[1],,,,,,,,,,[3],,,,,,,,,,,,,,,,,,,,,,,,,,,,,,,,,[4],,,,,,,,,
2010-01-24,,,[3],,,,,[2],,,,,,,[1],,,,,,,,,,[3],,,,,,,,,,,,,,,,,,,,,,,,,,,,,,,,,[4],,,,,,,,,
2010-01-31,,,[3],,,,,[2],,,,,,,[1],,,,,,,,,,[3],,,,,,,,,,,,,,,,,,,,,,,,,,,,,,,,,[4],,,,,,,,,
2010-02-07,,,[3],,,,,[2],,,,,,,[1],,,,,,,,,,[3],,,,,,,,,,,,,,,,,,,,,,,,,,,,,,,,,[4],,,,,,,,,
2010-02-14,,,[3],,,,,[2],,,,,,,[1],,,,,,,,,,[3],,,,,,,,,,,,,,,,,,,,,,,,,,,,,,,,,[4],,,,,,,,,
2010-02-21,,,[3],,,,,[2],,,,,,,[1],,,,,,,,,,[3],,,,,,,,,,,,,,,,,,,,,,,,,,,,,,,,,[4],,,,,,,,,
2010-02-28,,,,,,,,[2],,,,,,,[1],,,,,,,,,,[3],,,,,,,,,,,,,,,,,,,,,,,,,,,,,,,,,[4],,,,,,,,,
2010-03-07,,,[3],,,,,[2],,,,,,,[1],,,,,,,,,,[3],,,,,,,,,,,,,,,,,,,,,,,,,,,,,,,,,[4],,,,,,,,,
2010-03-14,,,[3],,,,,[2],,,,,,,[1],,,,,,,,,,[3],,,,,,,,,,,,,,,,,,,,,,,,,,,,,,,,,[4],,,,,,,,,
2010-03-21,,,[3],,,,,[2],,,,,,,[1],,,,,,,,,,[3],,,,,,,,,,,,,,,,,,,,,,,,,,,,,,,,,[4],,,,,,,,,
2010-03-28,,,[2],,,,,[2],,,,,,,[1],,,,,,,,,,[3],,,,,,,,,,,,,,,,,,,,,,,,,,,,,,,,,[4],,,,,,,,,
2010-04-04,,,[3],,,,,[2],,,,,,,[1],,,,,,,,,,[3],,,,,,,,,,,,,,,,,,,,,,,,,,,,,,,,,[4],,,,,,,,,
2010-04-11,,,[3],,,,,,,,,,,,[1],,,,,,,,,,[3],,,,,,,,,,,,,,,,,,,,,,,,,,,,,,,,,[4],,,,,,,,,
2010-04-18,,,,,,,,[2],,,,,,,[1],,,,,,,,,,[3],,,,,,,,,,,,,,,,,,,,,,,,,,,,,,,,,[4],,,,,,,,,
2010-04-25,,,[3],,,,,[2],,,,,,,[1],,,,,,,,,,[3],,,,,,,,,,,,,,,,,,,,,,,,,,,,,,,,,[4],,,,,,,,,
2010-05-02,,,[3],,,,,[2],,,,,,,[1],,,,,,,,,,[3],,,,,,,,,,,,,,,,,,,,,,,,,,,,,,,,,[4],,,,,,,,,
2010-05-09,,,[3],,,,,[2],,,,,,,[1],,,,,,,,,,[3],,,,,,,,,,,,,,,,,,,,,,,,,,,,,,,,,[4],,,,,,,,,
2010-05-16,,,[5],,,,,[2],,,,,,,[1],,,,,,,,,,[3],,,,,,,,,,,,,,,,,,,,,,,,,,,,,,,,,[4],,,,,,,,,
2010-05-23,,,[3],,,,,[2],,,,,,,[1],,,,,,,,,,[3],,,,,,,,,,,,,,,,,,,,,,,,,,,,,,,,,[4],,,,,,,,,
2010-05-30,,,[3],,,,,[2],,,,,,,"[1, 2]",,,,,,,,,,[3],,,,,,,,,,,,,,,,,,,,,,,,,,,,,,,,,[4],,,,,,,,,
2010-06-06,,,[3],,,,,,,,,,,,[1],,,,,,,,,,[3],,,,,,,,,,,,,,,,,,,,,,,,,,,,,,,,,[4],,,,,,,,,
2010-06-13,,,[3],,,,,[2],,,,,,,[1],,,,,,,,,,[3],,,,,,,,,,,,,,,,,,,,,,,,,,,,,,,,,[4],,,,,,,,,
2010-06-20,,,,,,,,[2],,,,,,,[1],,,,,,,,,,[3],,,,,,,,,,,,,,,,,,,,,,,,,,,,,,,,,[4],,,,,,,,,
2010-06-27,,,[3],,,,,,,,,,,,[1],,,,,,,,,,[3],,,,,,,,,,,,,,,,,,,,,,,,,,,,,,,,,[4],,,,,,,,,
2010-07-04,,,[3],,,,,[2],,,,,,,[1],,,,,,,,,,,,,,,,,,,,,,,,,,,,,,,,,,,,,,,,,,,,,,,,,,,,
2010-07-11,,,,,,,,,,,,,,,[1],,,,,,,,,,[3],,,,,,,,,,,,,,,,,,,,,,,,,,,,,,,,,[4],,,,,,,,,
2010-07-18,,,[3],,,,,,,,,,,,,,,,,,,,,,,,,,,,,,,,,,,,,,,,,,,,,,,,,,,,,,,[4],,,,,,,,,
2010-07-25,,,,,,,,[2],,,,,,,[1],,,,,,,,,,[3],,,,,,,,,,,,,,,,,,,,,,,,,,,,,,,,,[4],,,,,,,,,
2010-08-01,,,[3],,,,,[2],,,,,,,,,,,,,,,,,,,,,,,,,,,,,,,,,,,,,,,,,,,,,,,,,,[4],,,,,,,,,
2010-08-08,,,,,,,,[2],,,,,,,[1],,,,,,,,,,[3],,,,,,,,,,,,,,,,,,,,,,,,,,,,,,,,,[4],,,,,,,,,
2010-08-15,,,[3],,,,,[2],,,,,,,,,,,,,,,,,[3],,,,,,,,,,,,,,,,,,,,,,,,,,,,,,,,,,,,,,,,,,
2010-08-22,,,[3],,,,,[2],,,,,,,[1],,,,,,,,,,[3],,,,,,,,,,,,,,,,,,,,,,,,,,,,,,,,,[4],,,,,,,,,
2010-08-29,,,[3],,,,,[2],,,,,,,,,,,,,,,,,,,,,,,,,,,,,,,,,,,,,,,,,,,,,,,,,,[4],,,,,,,,,
2010-09-05,,,[3],,,,,[2],,,,,,,[1],,,,,,,,,,,,,,,,,,,,,,,,,,,,,,,,,,,,,,,,,,,[4],,,,,,,,,
2010-09-12,,,[3],,,,,[2],,,,,,,,,,,,,,,,,[3],,,,,,,,,,,,,,,,,,,,,,,,,,,,,,,,,[4],,,,,,,,,
2010-09-19,,,[3],,,,,[2],,,,,,,[1],,,,,,,,,,[3],,,,,,,,,,,,,,,,,,,,,,,,,,,,,,,,,[4],,,,,,,,,
2010-09-26,,,"[2, 3]",,,,,,,,,,,,[1],,,,,,,,,,,,,,,,,,,,,,,,,,,,,,,,,,,,,,,,,,,[4],,,,,,,,,
2010-10-03,,,"[2, 3]",,,,,,,,,,,,[1],,,,,,,,,,[3],,,,,,,,,,,,,,,,,,,,,,,,,,,,,,,,,[4],,,,,,,,,
2010-10-10,,,,,,,,[2],,,,,,,[1],,,,,,,,,,[3],,,,,,,,,,,,,,,,,,,,,,,,,,,,,,,,,"[4, 5]",,,,,,,,,
2010-10-17,,,[3],,,,,[2],,,,,,,[1],,,,,,,,,,[3],,,,,,,,,,,,,,,,,,,,,,,,,,,,,,,,,"[4, 5]",,,,,,,,,
2010-10-24,,,[3],,,,,[2],,,,,,,[1],,,,,,,,,,[3],,,,,,,,,,,,,,,,,,,,,,,,,,,,,,,,,"[5, 4]",,,,,,,,,
2010-10-31,,,[3],,,,,[2],,,,,,,[1],,,,,,,,,,[3],,,,,,,,,,,,,,,,,,,,,,,,,,,,,,,,,"[5, 4]",,,,,,,,,
2010-11-07,,,[3],,,,,[2],,,,,,,[1],,,,,,,,,,[3],,,,,,,,,,,,,,,,,,,,,,,,,,,,,,,,,"[4, 5]",,,,,,,,,
2010-11-14,,,[3],,,,,[2],,,,,,,[1],,,,,,,,,,[3],,,,,,,,,,,,,,,,,,,,,,,,,,,,,,,,,"[4, 5]",,,,,,,,,
2010-11-21,,,[3],,,,,[2],,,,,,,"[4, 1]",,,,,,,,,,[3],,,,,,,,,,,,,,,,,,,,,,,,,,,,,,,,,"[4, 5]",,,,,,,,,
2010-11-28,,,,,,,,,,,,,,,[1],,,,,,,,,,,,,,,,,,,,,,,,,,,,,,,,,,,,,,,,,,,[5],,,,,,,,,
2010-12-05,,,[3],,,,,[2],,,,,,,[1],,,,,,,,,,[3],,,,,,,,,,,,,,,,,,,,,,,,,,,,,,,,,[4],,,,,,,,,
2010-12-12,,,"[3, 5]",,,,,[2],,,,,,,"[4, 1]",,,,,,,,,,[3],,,,,,,,,,,,,,,,,,,,,,,,,,,,,,,,,[4],,,,,,,,,
2010-12-19,,,[3],,,,,[2],,,,,,,[1],,,,,,,,,,[3],,,,,,,,,,[0],,,,,,,,,,,,,,,,,,,,,,,[4],,,,,,,,,
2011-01-09,,,,,,,,[2],,,,,,,[1],,,,,,,,,,[3],,,,,,,,,,,,,,,,,,,,,,,,,,,,,,,,,,,,,,,,,,
2011-01-16,,,[3],,,,,[2],,,,,,,[1],,,,,,,,,,[3],,,,,,,,,,,,,,,,,,,,,,,,,,,,,,,,,[4],,,,,,,,,
2011-01-23,,,[3],,,,,[2],,,,,,,[1],,,,,,,,,,[3],,,,,,,,,,,,,,,,,,,,,,,,,,,,,,,,,[4],,,,,,,,,
2011-01-30,,,[3],,,,,[2],,,,,,,[1],,,,,,,,,,[3],,,,,,,,,,,,,,,,,,,,,,,,,,,,,,,,,[4],,,,,,,,,
2011-02-06,,,[3],,,,,[2],,,,,,,[1],,,,,,,,,,[3],,,,,,,,,,,,,,,,,,,,,,,,,,,,,,,,,[4],,,,,,,,,
2011-02-13,,,[3],,,,,[2],,,,,,,[1],,,,,,,,,,[3],,,,,,,,,,,,,,,,,,,,,,,,,,,,,,,,,[5],,,,,,,,,
2011-02-20,,,[3],,,,,[2],,,,,,,[1],,,,,,,,,,[3],,,,,,,,,,,,,,,,,,,,,,,,,,,,,,,,,[4],,,,,,,,,
2011-02-27,,,[3],,,,,[2],,,,,,,[1],,,,,,,,,,,,,,,,,,,,,,,,,,,,,,,,,,,,,,,,,,,[4],,,,,,,,,
2011-03-06,,,[3],,,,,[2],,,,,,,[1],,,,,,,,,,[3],,,,,,,,,,,,,,,,,,,,,,,,,,,,,,,,,[4],,,,,,,,,
2011-03-13,,,[3],,,,,[2],,,,,,,[1],,,,,,,,,,[3],,,,,,,,,,,,,,,,,,,,,,,,,,,,,,,,,[4],,,,,,,,,
2011-03-20,,,[3],,,,,[2],,,,,[2],,[1],,,,,,,,,,[3],,,,,,,,,,,,,,,,,,,,,,,,,,,,,,,,,[4],,,,,,,,,
2011-03-27,,,[3],,,,,,,,,,,,[1],,,,,,,,,,,,,,,,,,,,,,,,,,,,,,,,,,,,,,,,,,,[4],,,,,,,,,
2011-04-03,,,[3],,,,,[2],,,,,,,[1],,,,,,,,,,[3],,,,,,,,,,,,,,,,,,,,,,,,,,,,,,,,,,,,,,,,,,
2011-04-10,,,[3],,,,,,,,,,,,[1],,,,,,,,,,[3],,,,,,,,,,,,,,,,,,,,,,,,,,,,,,,,,[4],,,,,,,,,
2011-04-17,,,[3],,,,,[2],,,,,,,[1],,,,,,,,,,[3],,,,,,,,,,,,,,,,,,,,,,,,,,,,,,,,,[4],,,,,,,,,
2011-04-24,,,[3],,,,,[2],,,,,[2],,[1],,,,,,,,,,[3],,,,,,,,,,[0],,,,,,,,,,,,,,,,,,,,,,,[4],,,,,,,,,
2011-05-01,,,[3],,,,,[2],,,,,[2],,[1],,,,,,,,,,[3],,,,,,,,,,,,,,,,,,,,,,,,,,,,,,,,,[4],,,,,,,,,
2011-05-08,,,[3],,,,,[2],,,,,[2],,[1],,,,,,,,,,[3],,,,,,,,,,,,,,,,,,,,,,,,,,,,,,,,,[4],,,,,,,,,
2011-05-15,,,[3],,,,,,,,,,[2],,[1],,,,,,,,,,[3],,,,,,,,,,,,,,,,,,,,,,,,,,,,,,,,,[4],,,,,,,,,
2011-05-22,,,[3],,,,,[2],,,,,[2],,"[5, 1]",,,,,,,,,,[3],,,,,,,,,,,,,,,,,,,,,,,,,,,,,,,,,[4],,,,,,,,,
2011-05-29,,,[3],,,,,,,,,,[2],,[1],,,,,,,,,,[3],,,,,,,,,,,,,,,,,,,,,,,,,,,,,,,,,[4],,,,,,,,,
2011-06-05,,,[3],,,,,[2],,,,,[2],,[1],,,,,,,,,,[3],,,,,,,,,,,,,,,,,,,,,,,,,,,,,,,,,[4],,,,,,,,,
2011-06-12,,,[3],,,,,,,,,,[2],,[1],,,,,,,,,,,,,,,,,,,,,,,,,,,,,,,,,,,,,,,,,,,[4],,,,,,,,,
2011-06-19,,,[3],,,,,,,,,,[2],,[1],,,,,,,,,,[3],,,,,,,,,,,,,,,,,,,,,,,,,,,,,,,,,[4],,,,,,,,,
2011-06-26,,,[3],,,,,[2],,,,,[2],,[1],,,,,,,,,,[3],,,,,,,,,,,,,,,,,,,,,,,,,,,,,,,,,,,,,,,,,,
2011-07-03,,,[3],,,,,,,,,,[2],,[1],,,,,,,,,,[3],,,,,,,,,,,,,,,,,,,,,,,,,,,,,,,,,,,,,,,,,,
2011-07-10,,,,,,,,,,,,,,,,,,,,,,,,,[3],,,,,,,,,,,,,,,,,,,,,,,,,,,,,,,,,[4],,,,,,,,,
2011-07-17,,,[3],,,,,[2],,,,,[2],,[1],,,,,,,,,,[3],,,,,,,,,,,,,,,,,,,,,,,,,,,,,,,,,,,,,,,,,,
2011-07-24,,,,,,,,[2],,,,,[2],,,,,,,,,,,,,,,,,,,,,,,,,,,,,,,,,,,,,,,,,,,,,[4],,,,,,,,,
2011-07-31,,,[3],,,,,[2],,,,,[2],,[1],,,,,,,,,,[3],,,,,,,,,,,,,,,,,,,,,,,,,,,,,,,,,[4],,,,,,,,,
2011-08-07,,,,,,,,,,,,,[2],,[1],,,,,,,,,,,,,,,,,,,,,,,,,,,,,,,,,,,,,,,,,,,[4],,,,,,,,,
2011-08-14,,,[3],,,,,,,,,,[2],,,,,,,,,,,,[3],,,,,,,,,,,,,,,,,,,,,,,,,,,,,,,,,,,,,,,,,,
2011-08-21,,,[3],,,,,,,,,,[2],,[1],,,,,,,,,,[3],,,,,,,,,,,,,,,,,,,"[3, 4]",,,,,,,,,,,,,,[4],,,,,,,,,
2011-08-28,,,[3],,,,,,,,,,[2],,,,,,,,,,,,,,,,,,,,,,,,,,,,,,,"[4, 3]",,,,,,,,,,,,,,[4],,,,,,,,,
2011-09-04,,,[3],,,,,,,,,,[2],,[1],,,,,,,,,,[3],,,,,,,,,,,,,,,,,,,"[4, 3]",,,,,,,,,,,,,,[4],,,,,,,,,
2011-09-11,,,,,,,,[2],,,,,[2],,,,,,,,,,,,,,,,,,,,,,,,,,,,,,,"[1, 3, 4]",,,,,,,,,,,,,,[4],,,,,,,,,
2011-09-18,,,[3],,,,,[2],,,,,[2],,[1],,,,,,,,,,[3],,,,,,,,,,,,,,,,,,,[4],,,,,,,,,,,,,,[4],,,,,,,,,
2011-09-25,,,,,,,,[2],,,,,[2],,[1],,,,,,,,,,[3],,,,,,,,,,,,,,,,,,,"[3, 4]",,,,,,,,,,,,,,[4],,,,,,,,,
2011-10-02,,,,,,,,[2],,,,,[2],,[1],,,,,,,,,,[3],,,,,,,,,,,,,,,,,,,"[3, 4]",,,,,,,,,,,,,,[4],,,,,,,,,
2011-10-09,,,[3],,,,,[2],,,,,"[2, 4]",,[1],,,,,,,,,,[3],,,,,,,,,,,,,,,,,,,"[3, 0, 4]",,,,,,,,,,,,,,[4],,,,,,,,,
2011-10-16,,,[3],,,,,[2],,,,,"[2, 4]",,[1],,,,,,,,,,[3],,,,,,,,,,,,,,,,,,,[3],,,,,,,,,,,,,,"[4, 5]",,,,,,,,,
2011-10-23,,,[3],,,,,[2],,,,,"[4, 2]",,[1],,,,,,,,,,[3],,,,,,,,,,[0],,,,,,,,,"[3, 4]",,,,,,,,,,,,,,"[4, 5]",,,,,,,,,
2011-10-30,,,[3],,,,,[2],,,,,[4],,[1],,,,,,,,,,[3],,,,,,,,,,,,,,,,,,,"[3, 4]",,,,,,,,,,,,,,"[4, 5]",,,,,,,,,
2011-11-06,,,[3],,,,,[2],,,,,"[4, 2]",,[1],,,,,,,,,,[3],,,,,,,,,,,,,,,,,,,"[4, 3]",,,,,,,,,,,,,,"[4, 5]",,,,,,,,,
2011-11-13,,,[3],,,,,[2],,,,,"[2, 4]",,[1],,,,,,,,,,[3],,,,,,,,,,,,,,,,,,,"[4, 3, 0]",,,,,,,,,,,,,,"[4, 5]",,,,,,,,,
2011-11-20,,,[3],,,,,[2],,,,,"[4, 2]",,"[1, 4]",,,,,,,,,,[3],,,,,,,,,,,,,,,,,,,"[3, 4]",,,,,,,,,,,,,,"[4, 5]",,,,,,,,,
2011-11-27,,,,,,,,,,,,,[2],,[1],,,,,,,,,,,,,,,,,,,,,,,,,,,,,,,,,,,,,,,,,,,[5],,,,,,,,,
2011-12-04,,,[4],,,,,[2],,,,,"[2, 4]",,[1],,,,,,,,,,[3],,,,,,,,,,,,,,,,,,,"[3, 4]",,,,,,,,,,,,,,[4],,,,,,,,,
2011-12-11,,,[3],,,,,[2],,,,,"[2, 4]",,"[1, 4]",,,,,,,,,,[3],,,,,,,,,,,,,,,,,,,"[0, 3]",,,,,,,,,,,,,,[4],,,,,,,,,
2011-12-18,,,[3],,,,,[2],,,,,"[4, 2]",,[1],,,,,,,,,,[3],,,,,,,,,,,,,,,,,,,"[4, 3]",,,,,,,,,,,,,,[4],,,,,,,,,
2011-12-25,,,,,,,,,,,,,,,[1],,,,,,,,,,,,,,,,,,,,,,,,,,,,,[3],,,,,,,,,,,,,,,,,,,,,,,
2012-01-08,,,[3],,,,,[2],,,,,"[2, 4]",,[1],,,,,,,,,,[3],,,,,,,,,,,,,,,,,,,"[4, 3, 0]",,,,[2],,,,,,,,,,[4],,,,,,,,,
2012-01-15,,,[3],,,,,"[2, 5]",,,,,"[4, 2]",,[1],,,,,,,,,,[3],,,,,,,,,,,,,,,,[3],,,[4],,,,[2],,,,,,,,,,[4],,,,,,,,,
2012-01-22,,,[3],,,,,[2],,,,,"[4, 2]",,[1],,,,,,,,,,[3],,,,,,,,,,,,,,,,[3],,,"[3, 0, 4]",,,,[2],,,,,,,,,,[4],,,,,,,,,
2012-01-29,,,[3],,,,,[2],,,,,"[4, 2]",,[1],,,,,,,,,,[3],,,,,,,,,,,,,,,,[3],,,"[4, 3]",,,,[2],,,,,,,,,,[4],,,,,,,,,[5]
2012-02-05,,,[3],,,,,[2],,,,,"[4, 2]",,[1],,,,,,,,,,[3],,,,,,,,,,,,,,,,,,,"[4, 0, 3]",,,,[2],,,,,,,,,,[4],,,,,,,,,
2012-02-12,,,[3],,,,,"[5, 2]",,,,,"[1, 2]",,[1],,,,,,,,,,[3],,,,,,,,,,,,,,,,,,,"[3, 0, 4]",,,,[2],,,,,,,,,,[4],,,,,,,,,
2012-02-19,,,[3],,,,,,,,,,[2],,[1],,,,,,,,,,[3],,,,,,,,,,,,,,,,[3],,,"[3, 4]",,,,[2],,,,,,,,,,[4],,,,,,,,,
2012-02-26,,,[3],,,,,[2],,,,,"[4, 2]",,[1],,,,,,,,,,,,,,,,,,,,,,,,,,[3],,,"[3, 4]",,,,[2],,,,,,,,,,,,,,,,,,,[5]
2012-03-04,,,,,,,,,,,,,[2],,[1],,,,,,,,,,[3],,,,,,,,,,,,,,,,,,,"[0, 3, 4]",,,,[2],,,,,,,,,,[4],,,,,,,,,
2012-03-11,,,[3],,,,,[2],,,,,[2],,[1],,,,,,,,,,[3],,,,,,,,,,,,,,,,,,,"[0, 3, 4]",,,,[2],[3],,,,,,,,,[4],,,,,,,,,
2012-03-18,,,[3],,,,,[2],,,,,[2],,[1],,,,,,,,,,[3],,,,,,,,,,,,,,,,,,,"[3, 4]",,,,[2],[2],,,,,,,,,[4],,,,,,,,,[3]
2012-03-25,,,[3],,,,,[2],,,,,[2],,[1],,,,,,,,,,[3],,,,,,,,,,,,,,,,,,,"[3, 4]",,,,[2],[2],,,,,,,,,,,,,,,,,,
2012-04-01,,,,,,,,[2],,,,,[2],,[1],,,,,,,,,,[3],,,,,,,,,,,,,,,,,,,"[3, 4]",,,,[2],[2],,,,,,,,,[4],,,,,,,,,
2012-04-08,,,,,,,,[2],,,,,[2],,[1],,,,,,,,,,[3],,,,,,,,,,,,,,,,,,,"[0, 3, 4]",,,,[2],[2],,,,,,,,,[4],,,,,,,,,
2012-04-15,,,[3],,,,,[2],,,,,[2],,[1],,,,,,,,,,,,,,,,,,,,,,,,,,,,,"[3, 4]",,,,[2],[2],,,,,,,,,[4],,,,,,,,,"[3, 5]"
2012-04-22,,,[3],,,,,[2],,,,,[2],,[1],,,,,,,,,,[3],,,,,,,,,,,,,,,,,,,"[4, 3]",,,,[2],[2],,,,,,,,,[4],,,,,,,,,
2012-04-29,,,[3],,,,,[2],,,,,[2],,[1],,,,,,,,,,[3],,,,,,,,,,,,,,,,,,,"[3, 4]",,,,[2],[2],,,,,,,,,[4],,,,,,,,,
2012-05-06,,,"[3, 5]",,,,,[2],,,,,[2],,[1],,,,,,,,,,[3],,,,,,,,,,,,,,,,,,,"[3, 4]",,,,[2],,,,,,,,,,[4],,,,,,,,,[5]
2012-05-13,,,[3],,,,,[2],,,,,[2],,[1],,,,,,,,,,[3],,,,,,,,,,,,,,,,,,,"[4, 0]",,,,[2],[2],,,,,,,,,[4],,,,,,,,,[3]
2012-05-20,,,[3],,,,,[2],,,,,[2],,[1],,,,,,,,,,[3],,,,,,,,,,[0],,,,,,[3],,,[4],,,,[2],,,,,,,,,,,,,,,,,,,
2012-05-27,,,[3],,,,,[2],,,,,[2],,[1],,,,,,,,,,[3],,,,,,,,,,,,,,,,,,,[4],,,,,[2],,,,,,,,,[4],,,,,,,,,
2012-06-03,,,,,,,,[2],,,,,[2],,[1],,,,,,,,,,[3],,,,,,,,,,,,,,,,[3],,,[4],,,,[2],,,,,,,,,,[4],,,,,,,,,"[5, 3]"
2012-06-10,,,[3],,,,,[2],,,,,[2],,[1],,,,,,,,,,[3],,,,,,,,,,,,,,,,,,,"[0, 4]",,,,[2],[2],,,,,,,,,[4],,,,,,,,,
2012-06-17,,,[3],,,,,,,,,,[2],,[1],,,,,,,,,,[3],,,,,,,,,,,,,,,,,,,[4],,,,[2],,,,,,,,,,[4],,,,,,,,,
2012-06-24,,,[3],,,,,[2],,,,,[2],,[1],,,,,,,,,,[3],,,,,,,,,,,,,,,,,,,,,,,[2],[2],,,,,,,,,[4],,,,,,,,,
2012-07-01,,,[3],,,,,[2],,,,,[2],,[1],,,,,,,,,,[3],,,,,,,,,,,,,,,,,,,"[0, 4]",,,,[2],[2],,,,,,,,,[4],,,,,,,,,
2012-07-15,,,[3],,,,,[2],,,,,[2],,[1],,,,,,,,,,[3],,,,,,,,,,,,,,,,[3],,,,,,,[2],[2],,,,,,,,,[4],,,,,,,,,
2012-07-22,,,,,,,,,,,,,[2],,,,,,,,,,,,,,,,,,,,,,,,,,,,[3],,,[4],,,,[2],[2],,,,,,,,,[4],,,,,,,,,
2012-07-29,,,[3],,,,,[2],,,,,[2],,[1],,,,,,,,,,,,,,,,,,,,,,,,,,[3],,,[4],,,,[2],,,,,,,,,,[4],,,,,,,,,
2012-08-05,,,[3],,,,,[2],,,,,[2],,,,,,,,,,,,,,[2],,,,,,,,,,,,,,[3],,,"[3, 4]",,,,[2],[2],,,,,,,,,[4],,,,,,,,,
2012-08-12,,,[3],,,,,[2],,,,,[2],,[1],,,,,,,,,,,,[2],,,,,[2],,,,,,,,,[3],,,"[0, 3, 4]",,,,[2],,,,,,,,,,,,,,,,,,,
2012-08-19,,,[3],,,,,,,,,,[2],,[1],,,,,,,,,,[3],,[2],,,,,[2],,,,,,,,,,,,"[4, 3]",,,,[2],[2],,,,,,,,,[4],,,,,,,,,
2012-08-26,,,[3],,,,,[2],,,,,[2],,,,,,,,,,,,,,[2],,,,,[2],,,,,,,,,[3],,,"[3, 4]",,,,[2],,,,,,,,,,[4],,,,,,,,,[5]
2012-09-02,,,[3],,,,,[2],,,,,[2],,[1],,,,,,,,,,[3],,[2],,,,,[2],,,,,,,,,,,,"[3, 4]",,,,[2],[2],,,,,,,,,[4],,,,,,,,,
2012-09-09,,,[3],,,,,[2],,,,,[2],,,,,,,,,,,,[3],,[2],,,,,[2],,,,,,,,,,,,"[4, 1, 3]",,,,[2],[2],,,,,,,,,[4],,,,,,,,,
2012-09-16,,,[3],,,,,,,,,,[2],,[1],,,,,,,,,,[3],,[2],,,,,[2],,,,,,,,,,,,"[4, 3]",,,,[2],[2],,,,,,,,,[4],,,,,,,,,
2012-09-23,,,[3],,,,,[2],,,,,[2],,[1],,,,,,,,,,,,[2],,,,,[2],,,,,,,,,[3],,,"[3, 4]",,,,[2],[2],,,,,,,,,[4],,,,,,,,,[5]
2012-09-30,,,[3],,,,,[2],,,,,[2],,[1],,,,,,,,,,[3],,[2],,,,,[2],,,,,,,,,[3],,,[3],,,,[2],[2],,,,,,,,,"[4, 5]",,,,,,,,,
2012-10-07,,,[3],,,,,[2],,,,,"[4, 2]",,[1],,,,,,,,,,[3],,[2],,,,,[2],,,,,,,,,[3],,,"[0, 4, 3]",,,,[2],[2],,,,,,,,,"[4, 5]",,,,,,,,,
2012-10-14,,,[3],,,,,[2],,,,,"[2, 4]",,[1],,,,,,,,,,[3],,[2],,,,,[2],,,,,,,,,"[3, 0]",,,"[3, 4]",,,,[2],[2],,,,,,,,,"[5, 4]",,,,,,,,,
2012-10-21,,,[3],,,,,[2],,,,,"[2, 4]",,[1],,,,,,,,,,[3],,[2],,,,,[1],,,,,,,,,[3],,,"[4, 3]",,,,[2],[2],,,,,,,,,"[4, 5]",,,,,,,,,
2012-10-28,,,[3],,,,,[2],,,,,"[2, 4]",,[1],,,,,,,,,,[3],,[2],,,,,[2],,,,,,,,,"[0, 3]",,,"[3, 4]",,,,[2],[2],,,,,,,,,"[4, 5]",,,,,,,,,[5]
2012-11-04,,,[3],,,,,[2],,,,,"[4, 2]",,[1],,,,,,,,,,[3],,[2],,,,,[2],,,,,,,,,[3],,,"[3, 4]",,,,[2],[2],,,,,,,,,"[4, 5]",,,,,,,,,
2012-11-11,,,[3],,,,,[2],,,,,"[4, 2]",,[1],,,,,,,,,,,,[2],,,,,[1],,,,,,,,,[0],,,"[3, 4, 0]",,,,[2],[2],,,,,,,,,"[4, 5]",,,,,,,,,
2012-11-18,,,[3],,,,,[2],,,,,"[4, 2]",,"[1, 4]",,,,,,,,,,[3],,[2],,,,,[1],,,,,,,,,[3],,,"[4, 3]",,,,[2],[2],,,,,,,,,"[5, 4]",,,,,,,,,
2012-11-25,,,[0],,,,,[2],,,,,[2],,[1],,,,,,,,,,,,,,,,,,,,,,,,,,,,,,,,,[2],,,,,,,,,,[5],,,,,,,,,
2012-12-02,,,[3],,,,,[2],,,,,"[4, 2]",,[1],,,,,,,,,,[3],,[2],,,,,[2],,,,,,,,,[3],,,"[4, 3]",,,,[2],[2],,,,,,,,,[4],,,,,,,,,[5]
2012-12-09,,,[3],,,,,[2],,,,,"[4, 1]",,"[1, 4]",,,,,,,,,,[3],,[2],,,,,[2],,,,,,,,,[3],,,"[4, 0, 3]",,,,[2],[2],,,,,,,,,[4],,,,,,,,,
2012-12-16,,,[3],,,,,[2],,,,,"[4, 2]",,[1],,,,,,,,,[1],[3],,,,,,,[2],,,,,,,,,[3],,,"[4, 3]",,,,[2],[2],,,,,,,,,[4],,,,,,,,,
2012-12-23,,,[3],,,,,"[2, 5]",,,,,[2],,[1],,,,,,,,,[1],[3],,[2],,,,,[2],,,,,,,,,[3],,,"[3, 4, 0]",,,,[2],[2],,,,,,,,,[4],,,,,,,,,
2013-01-06,,,,,,[4],,[2],,,,,[4],,,,,,,,,,,,,,[2],,,,,,,,,,,,,,,,,[4],,,,[2],[5],,,,,,,,,[4],,,,,,,,,[3]
2013-01-13,,,[3],,,[4],,[2],,,,,"[4, 2]",,[1],,,,,,,,,[1],[3],,[2],,,,,[2],,,,,,,,,[3],,,"[0, 4]",,,,[2],"[2, 5]",,,,,,,,,[4],,,,,,,,,
2013-01-20,,,[3],,,,,[2],,,,,"[4, 2]",,[1],,,,,,,,,[1],[3],,[2],,,,,[2],,,,,,,,,[3],,,[4],,,,"[1, 2]",[2],,,,,,,,,[4],,,,,,,,,
2013-01-27,,,,,,,,[2],,,,,"[2, 4]",,[1],,,,,,,,,[1],[3],,[2],,,,,[2],,,,,,,,,[3],,,"[0, 4]",,,,[2],[2],,,,,,,,,,,,,,,,,,[5]
2013-02-03,,,[3],,,,,[2],,,,,"[4, 2]",,[1],,,,,,,,,,,,[2],,,,,[2],,,,,,,,,,,,"[4, 3]",,,,[2],[2],,,,,,,,,,,,,,,,,,
2013-02-10,,,[3],,,[4],,[2],,,,,"[2, 1]",,[1],,,,,,,,,,[3],,[2],,,,,[1],,,,,,,,,[5],,,"[3, 0, 4]",,,,[2],[2],,,,,,,,,[4],,,,,,,,,
2013-02-17,,,[3],,,[4],,[2],,,,,[2],,[1],,,,,,,,,[1],,,[2],,,,,[2],,,,,,,,,,,,"[3, 4]",,,,,[2],,,,,,,,,[4],,,,,,,,,
2013-02-24,,,,,,,,[2],,,,,"[2, 4]",,[1],,,,,,,,,[1],[3],,[2],,,,,[2],,,,,,,,,,,,"[3, 4]",,,,[2],[2],,,,,,,,,[4],,,,,,,,,[5]
2013-03-03,,,[3],,,[4],,"[2, 5]",,,,,[2],,[1],,,,,,,,,,[3],,[2],,,,,[2],,,[0],,,,,,[3],,,"[3, 4]",,,,[2],[2],,,,,,,,,[4],,,,,,,,,
2013-03-10,,,[3],,,[4],,[2],,,,,[2],,[1],,,,,,,,,,[3],,,,,,,[2],,,[0],,,,,,[3],,,"[0, 4, 3]",,,,[2],[2],,[3],,,,,,,[4],,,,,,,,,
2013-03-17,,,[3],,,[4],,,,,,,[2],,[1],,,,,,,,,,[3],,[2],,,,,[2],,,[0],,,,,,[3],,,"[3, 4]",,,,[2],[2],,,,,,,,,[4],,,,,,,,,
2013-03-24,,,[3],,,,,[2],,,,,[2],,[1],,,,,,,,,[1],[3],,[2],,,,,[2],,,[0],,,,,,,,,"[4, 3]",,,,[2],[2],,,,,,,,,[4],,,,,,,,,
2013-03-31,,,[3],,,,,[2],,,,,[2],,[1],,,,,,,,,,[3],,,,,,,[2],,,[0],,,,,,[3],,,"[4, 3]",,,,[2],[2],,,,,,,,,[4],,,,,,,,,
2013-04-07,,,[3],,,,,[2],,,,,[2],,[1],,,,,,,,,,[3],,[3],,,,,[2],,,,,,,,,[3],,,"[1, 3, 4]",,,,[2],[2],,,,,,,,,[4],,,,,,,,,
2013-04-14,,,,,,[4],,[2],,,,,[2],,[1],,,,,,,,,,[3],,,,,,,[2],,,[0],,,,,,,,,"[3, 4]",,,,[2],,,,,,,,,,[4],,,,,,,,,[5]
2013-04-21,,,[3],,,,,,,,,,[2],,[1],,,,,,,,,[1],[3],,[2],,,,,[2],,,[0],,,,,,,,,[4],,,,[2],[2],,,,,,,,,[4],,,,,,,,,
2013-04-28,,,[3],,,[4],,[2],,,,,[2],,[1],,,,,,,,,[1],[3],,[2],,,,,[2],,,[0],,,,,,[3],,,"[3, 4]",,,,[2],[2],,,,,,,,,[4],,,,,,,,,
2013-05-05,,,[4],,,[4],,,,,,,[2],,[1],,,,,,,,,[1],[3],,[2],,,,,[2],,,[0],,,,,,[3],,,"[3, 4]",,,,[2],[2],,,,,,,,,[4],,,,,,,,,[5]
2013-05-12,,,[3],,,[4],,[2],,,,,[2],,[1],,,,,,,,,[1],[3],,[2],,,,,[2],,,[0],,,,,,,,,"[3, 0, 4]",,,,[2],,,,,,,,,,[4],,,,,,,,,
2013-05-19,,,[3],,,[4],,[2],,,,,[2],,[1],,,,,,,,,[1],[3],,[2],,,,,[2],,,[0],,,,,,,,,"[3, 4]",,,,[2],[2],,,,,,,,,[4],,,,,,,,,
2013-05-26,,,[3],,,[4],,[2],,,,,[2],,[1],,,,,,,,,[1],[3],,[2],,,,,[2],,,[0],,,,,,,,,"[3, 4]",,,,[2],,,,,,,,,,[4],,,,,,,,,
2013-06-02,,,[3],,,,,[2],,,,,[2],,[1],,,,,,,,,[1],[3],,[2],,,,,[2],,,,,,,,,,,,"[3, 4]",,,,[2],[2],,,,,,,,,[4],,,,,,,,,[5]
2013-06-09,,,[3],,,[4],,[2],,,,,[2],,[1],,,,,,,,,,[3],,[2],,,,,,,,[0],,,,,,,,,[0],,,,[2],[2],,,,,,,,,[4],,,,,,,,,
2013-06-16,,,[3],,,,,[2],,,,,[2],,[1],,,,,,,,,[1],[3],,[2],,,,,[2],,,[0],,,,,,,,,[4],,,,[2],,,,,,,,,,[2],,,,,,,,,
2013-06-23,,,[3],,,,,[2],,,,,[2],,[1],,,,,,,,,,[3],,[2],,,,,[2],,,,,,,,,,,,[4],,,,[2],[2],,,,,,,,,[4],,,,,,,,,
2013-06-30,,,[3],,,[4],,,,,,,[2],,[1],,,,,,,,,[1],[3],,[2],,,,,[2],,,[0],,,,,,,,,[0],,,,[2],,,,,,,,,,[4],,,,,,,,,
2013-07-07,,,,,,,,,,,,,,,,,,,,,,,,,,,[2],,,,,,,,,,,,,,,,,,,,,,,,,,,,,,,,,,,,,,,,
2013-07-14,,,[2],,,[4],,[2],,,,,[2],,[1],,,,,,,,,[1],[3],,[2],,,,,[2],,,[0],,,,,,,,,,,,,[2],[2],,,,,,,,,[4],,,,,,,,,
2013-07-21,,,,,,,,[2],,,,,[2],,,,,,,,,,,[1],[3],,[2],,,,,[2],,,,,,,,,,,,[4],,,,[2],[2],,,,,,,,,[4],,,,,,,,,
2013-07-28,,,[3],,,[4],,[2],,,,,[2],,[1],,,,,,,,,[1],,,[2],,,,,[2],,,[0],,,,,,,,,[4],,,,[2],,,,,,,,,,[4],,,,,,,,,
2013-08-04,,,,,,[4],,[2],,,,,[2],,,,,,,,,,,,[3],,[2],,,,,[2],,,,,,,,,,,,[4],,,,[2],[2],,,,,,,,,[4],,,,,,,,,
2013-08-11,,,[3],,,[4],,[2],,,,,[2],,,,,,,,,,,[1],,,,,,,,[2],,,[0],,,,,,,,,[0],,,,[2],,,,,,,,,,,,,,,,,,,
2013-08-18,,,[3],,,,,[2],,,,,[2],,[1],,,,,,,,,[1],[3],,,,,,,[2],,,,,,,,,,,,[4],,,,[2],[2],,,,,,,,,[4],,,,,,,,,
2013-08-25,,,[3],,,[4],,,,,,,[2],,,,,,,,,,,[1],,,,,,,,[2],,,[0],,,,,,,,,"[4, 3]",,,,[2],,,,,,,,,,[4],,,,,,,,,[5]
2013-09-01,,,[3],,,[4],,[2],,,,,[2],,[1],,,,,,,,,[1],[3],,,,,,,,,,[0],,,,,,,,,"[3, 4]",,,,[2],[2],,,,,,,,,[4],,,,,,,,,
2013-09-08,,,[3],,,[4],,[2],,,,,[2],,,,,,,,,,,[1],[3],,,,,,,,,,,,,,,,,,,"[3, 1]",,,,[2],,,,,,,,,,[4],,,,,,,,,
2013-09-15,,,[3],,,[4],,[2],,,,,[2],,[1],,,,,,,,,[1],[3],,,,,,,[2],,,,,,,,,,,,"[3, 4]",,,,[2],[2],,,,,,,,,[4],,,,,,,,,
2013-09-22,,,[3],,,[4],,[2],,,,,[2],,[1],,,,,,,,,[1],[3],,,,,,,[2],,,[0],,,,,,,,,"[4, 3]",,,,[2],,,,,,,,,,[4],,,,,,,,,[5]
2013-09-29,,,[3],,,[4],,[2],,,,,[2],,[1],,,,,,,,,[1],[3],,,,,,,[2],,,[0],,,,,,,,,[3],,,,[2],[2],,,,,,,,,[4],,,,,,,,,
2013-10-06,,,[3],,,[4],,[2],,,,,"[4, 2]",,[1],,,,,,,,,[1],[3],,,,,,,[2],,,[0],,,,,,,,,"[4, 3]",,,,,[2],,,,,,,,,,,,,,,,,,
2013-10-13,,,[3],,,[4],,[2],,,,,"[2, 4]",,[1],,,,,,,,,[1],[3],,,,,,,[2],,,,,,,,,,,,"[4, 3, 0]",,,,[2],[2],,,,,,,,,"[4, 5]",,,,,,,,,
2013-10-20,,,[3],,,[4],,[2],,,,,"[4, 2]",,[1],,,,,,,,,[1],[3],,,,,,,[2],,,[0],,,,,,,,,[3],,,,,[2],,,,,,,,,"[5, 4]",,,,,,,,,
2013-10-27,,,[3],,,[4],,[2],,,,,"[2, 4]",,[1],,,,,,,,,[1],[3],,,,,,,[2],,,"[0, 2, 1]",,,,,,,,,[3],,,,[2],[2],,,,,,,,,"[4, 5]",,,,,,,,,[5]
2013-11-03,,,[3],,,[4],,[2],,,,,"[4, 2]",,[1],,,,,,,,,[1],[3],,,,,,,[2],,,"[1, 0]",,,,,,,,,"[3, 0, 4]",,,,[2],[2],,,,,,,,,"[5, 4]",,,,,,,,,
2013-11-10,,,"[3, 0]",,,[4],,[2],,,,,"[2, 4]",,[1],,,,,,,,,[1],[3],,,,,,,[2],,,"[1, 0]",,,,,,,,,"[0, 3]",,,,[2],[2],,,,,,,,,"[5, 4]",,,,,,,,,
2013-11-17,,,"[3, 0]",,,[4],,[2],,,,,"[2, 4]",,"[4, 1]",,,,,,,,,[1],[3],,,,,,,[2],,,"[1, 0]",,,,,,,,,"[3, 4]",,,,[2],[2],,,,,,,,,"[4, 5]",,,,,,,,,[2]
2013-11-24,,,"[3, 0]",,,[4],,[2],,,,,"[4, 2]",,[1],,,,,,,,,,[3],,,,,,,[2],,,[0],,,,,,,,,"[4, 3]",,,,[2],[2],,,,,,,,,"[5, 4]",,,,,,,,,
2013-12-01,,,[0],,,,,"[2, 5]",,,,,[2],,[1],,,,,,,,,[1],,,,,,,,,,,[0],,,,,,,,,[0],,,,[2],,,,,,,,,,[5],,,,,,,,,
2013-12-08,,,"[0, 3]",,,[4],,[2],,,,,,,"[1, 4]",,,,,,,,,[1],[3],,,,,,,[2],,,[0],,,,,,,,,"[3, 0, 4]",,,,[2],[2],,,,,,,,,[4],,,,,,,,,[5]
2013-12-15,,,"[0, 3]",,,[4],,[2],,,,,"[4, 1]",,[1],,,,,,,,,[1],[3],,,,,,,[2],,,[0],,,,,,,,,"[4, 3]",,,,[2],[2],,,,,,,,,[4],,,,,,,,,
2013-12-22,,,"[0, 4]",,,[4],,,,,,,[2],,[1],,,,,,,,,[1],[3],,,,,,,,,,[0],,,,,,,,,[3],,,,[2],[2],,,,,,,,,[4],,,,,,,,,
2014-01-05,,,,,,[4],,[2],,,,,[4],,,,,,,,,,,,,,,,,,,,,,,,,,,,,,,"[4, 3]",,,,,[5],,,,,,,,,[4],,,,,,,,,
2014-01-12,,,[3],,,[4],,[2],,,,,"[2, 4]",,[1],,,,,,,,,,[3],,,,,,,[2],,,,,,,,,,,,"[0, 4]",,[0],,[2],"[2, 5]",,,,,,,,,[4],,,,,,,,,
2014-01-19,,,[3],,,[4],,[2],,,,,"[2, 4]",,[1],,,,,,,,,[1],[3],,,,,,,[2],,,[0],,,,,,,,,[3],,[0],,[1],[2],,,,,,,,,[4],,,,,,,,,
2014-01-26,,,[3],,,[4],,[2],,,,,"[2, 4]",,[1],,,,,,,,,[1],[3],,,,[0],,,,,,[0],,,,,,,,,"[3, 4]",,[0],,[2],[2],,,,,,,,,[4],,,,,,,,,[5]
2014-02-02,,,[3],,,[4],,[2],,,,,"[2, 4]",[1],[1],,,,,,,,,[1],[3],,,,[0],,,[2],,,[0],,,,,,,,,"[4, 3]",,[0],,[2],[2],,,,,,,,,[4],,,,,,,,,
2014-02-09,,,[3],,,[4],,[2],,,,,[1],[1],[1],,,,,,,,,,[3],,,,[0],,,"[2, 6]",,,,,,,,,,,,"[0, 4]",,[0],,[2],,,,,,,,,,[4],,,,,,,,,
2014-02-16,,,[3],,,[4],,[2],,,,,[2],,[1],,,,,,,,,[1],[3],,,,[0],,,[2],,,[0],,,,,,,,,"[4, 3]",,[0],,[2],[2],,,,,,,,,[4],,,,,,,,,
2014-02-23,,,,,,[4],,[2],,,,,[2],[1],[1],,,,,,,,,[1],[3],,,,[0],,,[2],,,[0],,,,,,,,,"[3, 4]",,[0],,[2],[2],,,,,,,,,[4],,,,,,,,,"[5, 0]"
2014-03-02,,,"[3, 0]",,,,,[2],,,,,[4],,[1],,,,,,,,,[1],[3],,,,[0],,,[2],,,,,,,,,,,,"[4, 3]",,[0],,[2],[2],,,,,,,,,[4],,,,,,,,,
2014-03-09,,,[3],,,[4],,[2],,,,,[2],[1],[1],,,,,,,,,,[3],,,,[0],,,,,,[0],,,,,,,,,"[0, 4, 3]",,[0],,[2],[2],,,,,,,,,[4],,,,,,,,,
2014-03-16,,,[3],,,[4],,[2],[2],,[1],,[2],,[1],,,,,,,,,[1],[3],,,,[0],,,[2],,,[0],,,,,,,,,"[4, 3]",,[0],,[2],[2],,,,,,,,,[4],,,,,,,,,
2014-03-23,,,[3],,,[4],,[2],[2],,[1],,[2],,[1],,,,,,,,,[1],[3],,,,[0],,,,,,,,,,,,,,,"[4, 3]",,[0],,[2],[2],,,,,,,,,[4],,,,,,,,,
2014-03-30,,,,,,[4],,[2],[2],[1],[1],[3],[2],,[1],,,,,,,,,[1],[3],,[1],,[0],,,[2],,,[0],,,,,,,,,"[4, 3]",,[0],,[2],[2],,,,,,,,,[4],,,,,,,,,
2014-04-06,,,[3],,,[4],,[2],[2],[1],[1],[3],[2],,[1],,,,,,,,,[1],[3],,,,[0],,,[2],,,[2],,,,,,,,,"[3, 4]",,[0],,[2],[2],,,,,,,,,[4],,,,,,,,,
2014-04-13,,,[3],,,[4],,[2],[2],[1],[1],,[2],,[1],,,,,,,,,[1],[3],,,,[0],,,,,,,,,,,,,,,"[4, 0, 3]",,[0],,[2],[2],,,,,,,,,[4],,,,,,,,,[5]
2014-04-20,,,[3],,,[4],,[2],[2],[1],[1],[3],[2],,[1],,,,,,,,,[1],[3],,,,[0],,,[2],,,[0],,,,,,,,,[3],,[0],,[2],,,,,,,,,,[4],,,,,,,,,
2014-04-27,,,[3],,,[4],,[2],[2],[1],[1],[3],[2],,[1],,,,,,,,,[1],,,,,[0],,,[2],,,,,,,,,,,,[3],,[0],[2],[2],[2],,,,,,,,,[4],,,,,,,,,[3]
2014-05-04,,,[3],,,[4],,[2],[2],[1],[1],[3],[2],,[1],,,,,,,,,[1],[3],,,,[0],,,,,,[0],,,,,,,,,"[4, 3]",,[0],[2],[2],[4],,,,,,,,,[4],,,,,,,,,[5]
2014-05-11,,,[3],,,[4],,[2],[2],[1],[1],[3],[2],,[1],,,,,,,,,[1],[3],,,,[0],,,[2],,,[0],,,,,,,,,"[0, 3, 4]",,[0],[2],[2],,,,,,,,,,[4],,,,,,,,,
2014-05-18,,,[3],,,[4],,[2],[2],[1],[1],[3],[2],,[1],,,,,,,,,[1],[3],,,,[0],,,,,,[0],,,,,,,,,"[4, 3]",,[0],[2],[2],[2],,,,,,,,,[4],,,,,,,,,
2014-05-25,,,[3],,,[4],,[2],[2],[1],[1],[3],[2],[3],[1],,,,,,,,,[1],[3],,,,[0],,,[2],,,[0],,,,,,,,,"[3, 4]",,[0],[2],[2],,,,,,,,,,[4],,,,,,,,,
2014-06-01,,,[3],,,[4],,[2],[2],[1],[1],[3],[2],[2],[1],,,,,,,,,[1],[3],,,,,,,[2],,,,,,,,,,,[4],"[4, 3]",,[0],[2],[2],[2],,,,,,,,,[4],,,,,,,,,[3]
2014-06-08,,,[3],[3],,[4],,,[2],,[1],[3],[2],,[1],,,,,,,,,[1],[3],,,,[0],,,[2],,,[0],,,,,,,,[4],"[4, 0]",,[0],[2],[2],,,,,,,,,,[4],,,,,,,,,[5]
2014-06-15,,,[3],[3],,[4],,[2],"[3, 2]",[1],[1],[3],[2],,[1],,,,,,,,,[1],[3],,,,,,,[2],,,,,,,,,,,[4],[4],,[0],[2],[2],[2],,,,,,,,,[4],,,,,,,,,
2014-06-22,,,[3],[3],,[4],,[2],[2],,[1],[3],[2],,[1],,,,,,,,,[1],[3],,,,[0],,,[2],,,[0],,,,,,,,[4],[4],,[0],[2],[2],,,,,,,,,,[4],,,,,,,,,
2014-06-29,,,[3],[3],,[4],,[2],[2],[1],[1],[3],[2],,[1],,,,,,,,,[1],[3],,,,[0],,,[2],,,,,,,,,,,[4],[4],,[0],[2],[2],[2],,,,,,,,,[4],,,,,,,,,
2014-07-06,,,,,,,,,[2],,[1],,,,,,,,,,,,,,,,,,,,,,,,[0],,,,,,,,,[0],,[0],,[2],,,,,,,,,,,,,,,,,,,
2014-07-13,,,[3],[3],[4],[4],,[2],[2],[1],[1],[3],[2],[3],[1],,,,,,,,,,[3],,,,[0],,,[2],,,[0],,,,,,,,[4],,,[0],[2],[2],,,,,,,,,,[4],,,,,,,,,
2014-07-20,,,,[3],[4],[4],,[2],[2],,[1],[3],[2],[3],,,,,,,,,,[1],,,,,,,,[2],,,,,,,,,,,[4],[4],,[0],[2],[2],[2],,,,,,,,,[4],,,,,,,,,
2014-07-27,,,[3],[3],[4],[4],,,[2],[1],[1],[3],[2],,[1],,,,,,[0],,,,,,,,[0],,,[2],,,[0],,,,,,,,[4],[4],,[0],[2],[2],,,,,,,,,,[4],,,,,,,,,
2014-08-03,,,,[3],,[4],,[2],[2],,[1],[3],[2],[3],,,,,,,[0],,,,[3],,,,,,,[2],,,,,,,,,,,[4],[4],,[0],[2],[2],[2],,,,,,,,,[4],,,,,,,,,
2014-08-10,,,[3],,[4],[4],,[2],[2],[1],[1],[3],[2],[3],,[2],,,,,,,,[1],,,,,[0],,,[2],,,[0],,,,,,,,[4],"[0, 4]",,[0],[2],[2],,,,,,,,,,,,,,,,,,,
2014-08-17,,,,[3],[4],[4],,[2],[2],,[1],[3],[2],[3],[1],[2],,,,,,,,[1],,,,,,,,[2],,,,,,,,,,,[4],[4],,[0],[2],[2],[2],,,,,,,,,[4],,,,,,,,,
2014-08-24,,[0],[0],[3],[4],[4],,[2],[2],[1],[1],[3],[2],[3],,[2],,,,,,,,[1],,,,,[0],,,[2],,,[0],,,,,,,,[4],[4],,[0],[2],[2],,,,,,,,,,[4],,,,,,,,,[5]
2014-08-31,,,[3],[3],,[4],,[2],[2],,[1],[3],[2],[3],[1],[2],,,,,,,,,[3],,,,[0],,,,,,[0],,,,,,,,[4],[4],,[0],[2],[2],[2],,,,,,,,,[4],,,,,,,,,
2014-09-07,,,[3],[3],[4],[4],,[2],[2],[1],[1],[3],[2],[3],,[2],,,,,,,,[1],,,,,,,,[2],,,,,,,,,,,[4],"[1, 4]",,[0],[2],[2],,,,,,,,,,[4],,,,,,,,,
2014-09-14,,,[3],[3],[4],[4],,[2],[2],[1],[1],[3],[2],[3],[1],[2],,,,,,,,[1],,,,,[0],,,[2],,,[0],,,,,,,,[4],[4],,[0],[2],[2],[2],,,,,,,,,[4],,,,,,,,,
2014-09-21,,[0],[3],[3],[4],[4],,[2],[2],[1],[1],[3],[2],[3],[1],[2],,,,,,,,[1],[3],,,,[0],,,[2],,,[0],,,,,,,,[4],"[3, 4]",,[0],[2],[2],,,,,,,,,,[4],,,,,,,,,[5]
2014-09-28,,[0],[3],[3],[4],[4],,[2],[2],[1],[1],[3],[2],[3],[1],[2],,,,,,,,[1],,,,,[0],,,[2],,,[0],,,,,,,,"[4, 5]","[4, 3]",,[0],[2],[2],[2],,,,,,,,,[4],,,,,,,,,
2014-10-05,,,[3],[3],[4],[4],,[2],[2],[1],[1],[3],"[2, 4]",[3],[1],"[2, 5]",,,,,,,,[1],[3],,,,[0],,,,,,[0],,,,,,,,"[2, 4]","[4, 3]",,[0],[2],[2],[2],,,,,,,,,[4],,,,,,,,,
2014-10-12,,,[3],[3],[4],[4],,[2],[2],[1],[1],[3],"[2, 4]",[3],[1],"[5, 2]",,,,,,,,[1],,,,,[0],,,[2],,,[0],,,,,,,,"[4, 5]","[4, 3, 0]",,[0],[3],[2],[2],,,,,,,,,[4],"[4, 1]",,,,,,,,
2014-10-19,,[0],[3],[3],[4],[4],,[2],[2],[1],[1],[3],"[2, 4]","[3, 1]",[1],"[5, 2]",,,,,,,[3],,,,,,[0],,,[2],,,"[1, 0]",,,,,,[0],,"[5, 4, 2]","[3, 4]",,[0],[2],[2],[2],,,,,,,,,"[4, 5]",[4],,,,,,,,
2014-10-26,,,[3],[3],[4],[4],,[2],[2],[1],[1],"[3, 0]","[2, 4]","[3, 1]",[1],"[2, 5]",,,,,,,[3],[1],[3],,,,[0],,,,,,"[0, 2]",,,,,,[0],,"[4, 5, 2]","[4, 3]",,[0],[2],[2],[2],,,,,,,,,"[4, 5]",[1],,,,,,,,[5]
2014-11-02,,[0],[3],"[0, 3]",,[4],,[2],[2],[1],[2],[3],"[2, 4]","[1, 3]",[1],"[2, 5]",,,,,,,[3],[1],[3],,,,[0],,[5],[2],,,[0],,,,,,[0],,"[4, 2, 5]","[0, 3]",,[0],[2],[2],[2],,,,,,,,,"[4, 5]",,,,,,,,,
2014-11-09,[1],,"[3, 0]",[3],[4],[4],[4],[2],[2],[1],[1],[0],"[2, 4]","[1, 3]",[1],"[2, 5]","[0, 4, 2]",,,,,,[4],[1],[3],,"[2, 3]",,[0],,[1],[5],,,"[1, 0, 4]",,,,,,"[3, 0]",,"[5, 4]","[0, 3]",,,[2],[2],[2],,,,,,,,,"[4, 5]",,,,,,,,,
2014-11-16,[1],[0],"[0, 3]","[3, 0]",,[4],[4],[2],[2],[1],[2],"[3, 0]","[4, 2]","[3, 1]","[1, 4]","[5, 2]","[0, 4, 2]",[2],,,,,[4],[1],,,[2],,[0],,[1],[2],,,[0],,,,,,[0],,"[5, 4]",[3],,[0],[2],[2],[2],,,,,,,,,"[5, 4]",,,,,,,,,[2]
2014-11-23,[1],,[3],[3],[4],[4],[4],[2],[2],[1],[1],[3],"[4, 2]","[1, 3]",[1],"[2, 5]","[2, 4, 0]",[2],,,,,[4],,[3],,"[2, 3]",,"[2, 0]",,[1],[2],,,[0],,,,,,[0],,"[5, 4]","[3, 4]",,[0],[2],[2],[2],,,,,,,,,[4],,,,,,,,,
2014-11-30,[1],[0],[0],[0],,,,,,[1],[2],,[2],[4],[1],[2],"[0, 4]",,,,[1],,,[1],,,,,[0],,,,,,[0],,,,,,,,[4],[0],,[0],,[2],,,,,,,,,,[5],,,,,,,,,
2014-12-07,[1],,[3],[3],[4],[4],[4],[2],[2],[1],[2],[3],"[2, 4]",[3],"[4, 1]","[5, 2]",[2],[2],,,"[1, 4]",,[4],[1],[3],,"[3, 2]",,[0],,[1],[2],,,[0],,,,,,[3],,"[5, 4]","[4, 0, 3]",,[0],[2],[2],[2],,,,,,,,,[4],[1],,,,,,,,[5]
2014-12-14,[1],[0],[3],"[3, 0]",,[4],[4],[2],[2],[1],[1],[3],"[1, 4]","[1, 3]",[1],"[5, 2]","[0, 4, 2]",[2],,,"[4, 1]",,[4],[1],[3],,[2],,[0],,[1],[2],,,[0],,,,,,[3],,"[4, 5]","[4, 3]",,[0],[2],[2],[2],,,,,,,,,[4],,,,,,,,,
2014-12-21,[1],,"[3, 0]",[3],[4],[4],,"[2, 5]",[2],"[1, 4]",[1],[3],"[2, 4]","[1, 3]",[1],[2],"[2, 0]",[2],[0],,[1],[3],[3],[1],,,"[2, 3]",,[0],,[1],[2],,[3],[0],,,,,,[3],,[4],"[4, 3]",,[0],[2],[2],[2],,,,,,,,,[4],[4],,,,,,,,
2014-12-28,,,,[0],,,,,,,,,,,,,,,,,,,,,,,,,,,,,,,,,,,,,,,,,,,,,,,,,,,,,,,,,,,,,,,
2015-01-04,,,,,,[4],,,,,,,,[1],,,,,,[0],,,,,,,,,,,,,,,,,,,,,,,"[4, 5]",,,,,,,,,,,,,,,,[1],,,,,,,,
2015-01-11,[1],,[3],[3],[4],[4],[4],[2],[2],[1],[1],[3],[4],[3],,"[5, 2]","[2, 4]",[2],[0],[0],"[4, 1]",[3],[3],[1],[3],[2],[2],,[0],,[1],[2],[3],[3],[0],,,,,,[3],,"[4, 5]","[3, 4, 0]",,[0],[2],[2],"[5, 2]",,,,,,,,,[4],,,,,,,,,
2015-01-18,[1],,[3],[3],[4],,[4],[2],[2],[1],[1],[3],"[2, 4]","[3, 1]",[1],[2],"[2, 4]",[2],[0],[0],[1],,[4],[1],,,"[2, 3]",[4],[0],,,[2],[3],[3],[0],,,,,,[3],,"[5, 4]","[0, 4]",,[0],[2],"[2, 6]","[2, 5]",,,,,,,,,[4],[1],,,,,,,,
2015-01-25,[1],,[3],[3],,[4],,[2],[2],[1],[1],[3],"[2, 4]",[3],[1],[2],"[0, 4, 2]",[2],,[0],[1],,[3],[1],[3],,[2],,[0],,[1],[2],[3],[3],[0],,,,,[4],[3],,"[4, 5]","[3, 4]",,[0],[2],[2],[2],,,,,,,,,[4],[1],,,,,,,,[5]
2015-02-01,[1],,[3],[3],[4],,[4],[2],[2],,,[3],"[4, 2]","[1, 3]",[1],[2],"[2, 4]",[2],[0],[0],[1],[3],[4],[1],,,[2],,[0],,[1],[2],[3],[3],[0],,,,,"[2, 4]",[3],,"[5, 4]","[3, 0, 4]",,[0],[2],[2],[2],,,,,,,,,[4],,,,,,,,,
2015-02-08,[1],,[3],[3],[4],[4],[4],[2],[2],[1],[1],[3],"[1, 2]",[3],[1],"[2, 5]","[2, 4]",[2],[0],[0],[1],[3],[3],[1],[3],[2],[2],,[0],[2],,,[0],[3],,,,[1],,[1],,,,"[4, 3, 0]",,[0],[2],[2],[2],,,,,,,,,,[1],,,,,,,,
2015-02-15,[1],,[3],[3],[4],[4],,[2],[2],[1],[1],[3],[2],[3],[1],[2],"[2, 0]",[2],[0],[0],[1],,[3],,[3],,[2],,[0],,[1],,[3],[3],[0],,[2],,,"[1, 4]",[3],[5],"[4, 5]","[3, 4]",,[0],[2],[2],[2],,,,,,,,,[4],[4],,,,,,,,
2015-02-22,[1],,,[3],[4],,[4],"[1, 2]",[2],[1],[1],[3],[2],"[1, 3]",[1],[2],"[2, 4]",[2],,[0],[1],,[3],,,,[3],,[0],[2],,,[3],[3],[0],[1],,,[0],"[4, 1]",[3],[2],"[4, 5]","[3, 4]",,[0],[2],[2],[2],,,,,,,,,[4],"[1, 4]",,,,,,,,
2015-03-01,[1],,[3],[3],,[4],[4],,[2],[1],[2],[3],"[2, 4]",[3],[1],[2],"[2, 4]",[2],,[1],[1],[4],[3],[1],,,[2],,[0],[2],[1],,,[3],,[1],,,[0],"[1, 4]",,[2],[5],"[4, 3]",,,[2],[2],[2],,,,,,,,,[4],[4],,,,,,,,[5]
2015-03-08,[1],,[3],[3],[4],[4],[4],[2],[2],[1],,[3],[2],"[1, 3]",[1],[2],"[2, 4]",,,[0],[1],[3],[3],[1],[3],,[2],,[0],[2],[1],,,[3],[0],[1],,[1],[0],[1],[3],[2],"[4, 5]","[4, 0, 3]",[1],[0],[2],"[2, 0]",[2],,,,,,,,,[4],"[1, 4]",,,,,,,,
2015-03-15,[1],,[3],[3],[4],[4],[4],[2],[2],[1],[1],[3],[2],[3],[1],[2],"[2, 4]",,,[0],,,[3],[1],[3],,[2],,[0],[2],[1],,[3],[3],[0],,,[1],,"[1, 4]",[3],[2],,"[3, 4]",[1],[0],[2],,[2],[3],,,,,,,,[4],,,,,,,,,
2015-03-22,,,[3],[3],[4],[4],[4],[2],[2],[1],,[3],[2],[3],[1],[2],"[2, 4]",,,[1],[1],[3],[3],,,,"[3, 2]",[4],[0],[2],,,[3],[3],,[1],,,[0],[1],,[2],"[4, 5]","[3, 4]",[1],[0],[2],[2],[2],[3],,,,,,,,[4],[4],,,,,,,,
2015-03-29,[1],,[3],[3],[4],[4],[4],[2],[2],[1],[1],[3],[2],"[1, 3]",[1],[2],,[2],[0],[1],[1],,[3],,[3],,,[4],[0],[2],[1],,[3],[3],[0],,,[1],[0],"[1, 4]",[3],"[2, 5]",[4],"[4, 3]",[1],[0],[2],[2],[2],[3],,,,,,,,[4],"[1, 4]",,,,,,,,
2015-04-05,[1],,[3],[3],[4],[4],[4],[2],[2],[1],[1],[3],[2],,[1],[2],"[2, 4]",[2],[0],[0],[1],[3],[4],[1],,[2],[2],,[0],[2],[1],,[3],[3],[0],[1],,[1],[0],[1],[3],,[4],"[4, 3]",[1],[0],[2],[2],[2],[3],,,,,,,,[4],"[1, 4]",,,,,,,,
2015-04-12,,,[3],[3],[4],[4],[4],[2],[2],[1],[1],[3],[2],[3],[1],[2],,,[1],[0],[1],[3],[3],[1],[3],,[2],[4],,[2],,,[3],[3],,,,,[0],"[4, 1]",,,"[5, 4]","[0, 3, 4]",[1],[0],[2],[2],,[3],,,,,,,,[4],,,,,,,,,"[5, 3]"
2015-04-19,[1],,[3],[3],[4],[4],[4],[2],[2],[1],[1],[3],[2],[3],[1],[2],"[2, 4]",[2],[0],[0],[1],[3],[3],[1],[3],,"[3, 2]",[4],[0],[2],[1],,[3],[3],[0],[1],[2],,[0],"[1, 4]",,[2],[4],"[3, 4]",[1],[0],[2],[2],[2],[3],,[1],,,,,[2],[4],"[4, 1]",,,,,,,,
2015-04-26,[1],,[3],[3],[4],[4],[4],[2],[2],[1],[1],[3],[2],[3],[1],[2],[4],[2],[0],[0],[1],[3],[3],[1],[3],[2],[2],[4],[0],[2],,,[3],[3],[0],[1],[2],[1],[0],[1],[3],,[4],"[4, 3]",[1],[0],[2],[2],,[3],,,,,[5],,[2],[4],[1],,,,,,,,
2015-05-03,[1],,[3],[3],[4],,[4],[2],[2],[1],[1],[3],[2],[3],[1],[2],"[2, 4]",[2],[0],[0],[1],[3],[3],[1],[3],[2],[2],[4],[0],[2],[1],,,[3],[0],[3],[2],[1],[1],"[1, 4]",[3],[2],[4],"[3, 4]",[1],[0],[2],[2],[2],[3],[0],,,,[5],[4],[2],[4],"[0, 4, 1]",,,,,,,,[5]
2015-05-10,[1],,[3],[3],[4],[4],[4],[2],[2],[1],[1],[3],[2],[1],[1],[2],[4],[2],[0],[0],[1],,[3],[1],[3],[2],[2],[4],[0],[2],,,[3],[3],[0],"[0, 1]",[2],[1],[0],[1],,[2],[4],"[4, 0, 3]",[1],[0],[2],[2],[2],[3],[0],,,,[5],"[4, 2]",[2],[4],[1],,,,,,,,
2015-05-17,[1],,[3],[3],[4],[4],[4],[2],[2],[1],[1],[3],[2],[3],[1],[2],"[2, 4]",[2],[0],[0],[1],[3],[3],[1],[3],[2],[2],[4],[0],[2],[1],,,[3],,[1],[2],[1],[0],[1],[3],[2],[4],"[3, 4]",[1],,[2],[2],,[3],[0],,,,[5],[4],[2],[4],"[4, 0, 1]",,,,,,,,
2015-05-24,[1],,[3],[3],[4],[4],[4],[2],[2],[1],[1],[3],[2],[3],[1],[2],[4],,[0],[0],[1],,[3],[1],[3],[2],[2],[4],[0],[2],,,[3],[3],[0],[1],[2],[1],[0],[1],[3],[2],[4],"[3, 4]",[1],[0],[2],[2],[2],[3],[0],,,,,[4],"[2, 0]",[4],,,,,,,,,
2015-05-31,,,[3],[3],[4],[4],[4],[2],[2],[1],[1],[3],[2],,[1],[2],[4],[2],[1],[0],,,[3],[1],[3],[2],[2],[4],,[2],,,[3],[3],,[1],[2],[1],[0],"[1, 4]",,,[4],"[4, 3]",,[0],[2],[2],,[3],,,[2],[4],[5],[4],[2],[4],"[1, 4]",,,,,,,,[3]
2015-06-07,[1],,[3],[3],[4],[4],[4],,[2],,[1],[3],[2],[3],[1],[2],[4],[2],[0],[0],[1],,,[1],[3],[2],[2],[4],[0],[2],,,[3],[3],[0],[1],,[1],[0],[1],[3],[2],[4],"[0, 4]",[1],[0],[2],[2],[2],[3],[0],,[2],[4],[5],"[5, 4]",,[4],[4],,,,,,,,[5]
2015-06-14,[1],,[3],[3],[4],[4],[4],[2],[2],[1],[1],[3],[2],[3],[1],[2],[4],[2],[0],[0],,[0],[3],[1],[3],,[2],[4],,[2],,,[3],[3],[0],[1],[2],[1],[0],[1],,[2],[4],[4],,[0],[2],[2],,"[0, 3]",[0],[1],[2],[4],,[4],[2],[4],"[4, 1]",,,,,,,,
2015-06-21,[1],,[3],[3],[4],[4],[4],[2],[2],,[1],[3],[2],[3],,[2],,[2],[0],[0],[1],,,[1],[3],[2],[2],[4],[0],[2],,,,[3],[0],[1],[2],[1],[0],"[1, 4]",[3],[2],[4],[4],[1],[0],[2],[2],[2],"[0, 3]",,[1],[2],[4],[5],[4],[2],[4],"[4, 1]",,,,,,,,
2015-06-28,[1],[0],[3],[3],[4],[4],[4],[2],[2],[1],[1],[3],[2],[3],[1],[2],[4],[2],[0],[0],,,[3],[1],[3],[2],[2],[4],,[2],,,[3],[3],,[1],[2],[1],[0],[1],,,[4],[4],,[0],[2],[2],,,[0],,[2],[4],[5],[4],[2],[4],"[1, 4]",,,,,,,,
2015-07-05,[1],,,,,,,,,,[1],,,,[1],,,,[0],[0],[1],[0],,,,,[2],,[0],[2],,,,,[0],[1],[2],[1],[0],[1],,,,[0],,[0],,,[2],,[0],[1],,,,,,,"[4, 1]",[1],,,,,,,[0]
2015-07-12,[1],,[3],[3],[4],[4],[4],,[2],[1],[1],[3],[2],[3],[1],[2],[4],,,[0],,[3],[3],,,,[2],[4],,[2],,,[3],[3],,[1],[2],[1],[0],[1],[3],,[4],,,[0],[2],[2],,[3],,[1],[2],[4],[5],[4],[2],[4],"[1, 4]",[1],,[2],,,,,
2015-07-19,[1],,,[3],[4],[4],[4],[2],[2],,[1],[3],[2],[3],,[2],[4],,[0],[0],[1],[3],,[1],,,[2],,[0],[2],[1],,,[3],[0],[1],[2],[1],[0],[1],[3],[2],[4],[4],[1],[0],[2],[2],,"[0, 3]",[0],,[2],[4],[5],[4],,[4],[4],[1],[3],,,,,,
2015-07-26,,,[3],[3],[4],[4],[4],,[2],[1],[1],[3],[2],[3],[1],[2],[4],,[0],[0],,,[3],[1],[3],,[2],[4],,[2],,,,[3],,[1],[2],,[0],"[1, 4]",[3],,[4],[4],,[0],[2],,,[3],[0],[1],[2],[4],[5],[4],[2],[4],,,[3],,,,,,
2015-08-02,,,,[3],[4],[4],[4],[2],[2],,[1],[3],[2],[3],,,[4],,[0],[0],[1],,,[1],,[2],[2],,[0],[2],[1],,[3],[3],[0],[1],[2],[1],[0],[1],,[0],[4],[4],,[0],,[2],[2],,[0],,[2],[4],[5],[4],,[4],"[1, 4]",,,,,,,,
2015-08-09,[1],,[3],,[4],[4],[4],,[2],[1],[1],[3],[2],,[1],[2],[4],,[0],[0],,,[3],[1],[3],[2],[2],[4],,[2],,,[3],[3],[0],[1],[2],[1],[0],[1],,[2],[4],"[0, 4]",,[0],[2],[2],,[3],[0],[1],[2],[4],[5],[4],[2],,[4],[1],[3],,,,,,
2015-08-16,[1],,[3],[3],[4],[4],[5],,[2],,[1],[3],[2],[3],,[2],[4],[2],[0],[0],[1],[3],,[1],,,[2],,[0],[2],[1],,[3],[3],,[1],[2],[4],[0],[1],[3],[2],[4],[4],[1],[0],[2],[2],[2],[3],,[1],[2],[4],[5],[4],,[4],,[1],[3],,,,,,
2015-08-23,[1],[0],,[3],[4],[4],[4],,[2],[1],[1],[3],[2],,[1],[2],[4],[2],[0],[0],,[3],[3],,[3],[2],[2],[4],,[2],,,[3],[3],[0],[1],[2],[1],[0],,[3],[2],[4],[4],,[0],[2],[2],,[3],[0],,[2],[4],[5],[4],[2],[4],"[1, 4]",[1],,,,,,,[5]
2015-08-30,[1],,[3],[3],[4],[4],[4],,[2],,[1],[3],[2],[3],[1],[2],[2],[2],[0],[0],[1],[3],[3],,,[2],[2],,[0],[2],[1],,[3],[3],[0],[1],[2],[1],[0],[4],,,[4],[4],[1],[0],[2],[2],[2],[3],[1],[1],[2],[4],[5],[4],[2],[4],[4],[1],,[2],,,,,
2015-09-06,[1],[0],[3],[3],[4],[4],[4],[2],[2],[1],[1],[3],[2],[3],[1],[2],[4],[2],[0],[0],[1],[3],[3],[1],,[2],[2],[4],[0],[2],,,[3],,[0],[1],[2],[1],[1],,[3],[2],[4],"[4, 0]",,[0],[2],[2],,"[0, 3]",[0],[1],[2],[4],[5],[4],[2],[4],,[1],[3],,[3],,,,
2015-09-13,[1],,[3],[3],[4],[4],[4],[2],[2],[1],[1],[3],[2],[3],,[2],"[0, 4]",[2],[1],[0],[4],[3],[3],[1],,[2],[2],[4],,,[1],,,,,[1],,[1],[0],,[3],[2],[4],"[4, 3]",[1],[0],[2],[2],[3],[3],,,[2],[4],[5],[4],[2],[4],,[1],[3],[2],[3],,,,[3]
2015-09-20,[1],[0],[3],[3],[4],[4],[4],[2],[2],[1],[1],[3],[2],[3],[1],[2],"[4, 2]",[2],[0],[1],[1],[3],[3],[1],[3],[2],[2],[4],[0],[2],,,[3],,[0],[0],[2],[1],[0],,,[2],[4],"[4, 3]",,[0],[2],[2],,[3],[1],,[2],[4],[5],[4],[2],[4],,[1],[3],[2],[3],,,,[5]
2015-09-27,[1],,[3],[3],[4],[4],,[2],[2],[1],[1],[3],[2],[3],[1],[2],"[2, 4]",[2],[0],[1],[1],[3],[3],[1],,[2],[2],[4],[0],[2],[1],,[3],,[0],[1],[2],[1],[0],,[2],,"[5, 4]","[4, 3]",[1],[0],[2],[2],[2],[3],,[0],[2],[4],[5],[4],[2],[4],[1],[1],[3],[2],[3],,,,
2015-10-04,[1],[0],[3],[3],[4],[4],[4],[2],[2],[1],[1],[3],"[2, 4]",[3],[1],"[2, 5]","[2, 4]",[2],[0],[1],"[1, 4]",[3],[3],[1],,[2],[2],[4],[0],[2],,,[3],,[0],[1],[2],[1],[0],,[3],[2],"[4, 5]","[4, 3]",[1],[0],[2],[2],,[3],,,[2],[4],[5],[4],[2],[4],"[1, 4]",[1],[3],[2],,,,,
2015-10-11,[1],,[3],[3],[4],[4],[4],[2],[2],[1],[1],[3],"[2, 4]",[3],[1],"[5, 2]","[2, 4]",[2],[0],[0],"[4, 1]",[3],[3],[1],[3],,[2],[4],[0],[2],[1],,,,[0],[1],[2],[1],[0],,[3],,"[5, 4]","[4, 3, 0]",[1],[0],[2],[2],[2],[3],[0],,[2],[4],[5],[4],[2],[4],,,[3],[2],[3],,"[2, 1]",,
2015-10-18,[1],[0],[3],[3],[4],[4],[4],[2],[2],[1],[1],[3],"[2, 4]",[3],[1],"[2, 5]","[0, 2]",[2],[0],[0],"[1, 4]",[3],[3],[1],,[2],"[2, 3]",[4],[0],[2],[1],,[3],,"[1, 0]",[1],[2],[1],[0],,[0],[2],"[2, 5, 4]","[3, 4]",[1],[0],"[3, 2]",[2],[2],[3],[0],[3],[2],[4],[5],[4],[2],"[4, 5]",,[1],[3],[2],[3],,[1],,
2015-10-25,[1],,[3],[3],[4],[4],[4],[2],[2],[1],[1],"[0, 3]","[4, 2]","[1, 3]",[1],"[2, 5]","[0, 2, 4]",[2],[0],[0],"[1, 4]",[3],[3],[1],,[2],[2],[4],[0],[2],[1],,[3],,"[0, 1, 2]",[1],[2],[1],[0],,[0],[2],"[2, 5, 4]","[3, 4]",[1],[0],"[3, 2]",[2],[2],[3],[0],,[2],[4],[5],"[4, 2]",[2],"[4, 5]",[4],[1],[3],[2],[3],,[1],,[5]
2015-11-01,[1],,[3],[3],[4],[4],[4],[2],[2],[1],[1],"[0, 3]","[2, 4]","[1, 3]",[1],"[2, 5]","[0, 2, 4]",[2],[0],"[0, 4]","[1, 4]",[3],[3],[1],,[2],[2],,[0],[2],[1],,[3],,[0],[1],[2],[1],[0],,[0],[2],"[2, 5, 4]","[0, 3, 4]",[1],[0],[3],[2],[2],[3],[0],[3],[2],[4],[5],[4],[2],[4],"[1, 4]",[1],[3],[2],[3],,"[1, 2]",,
2015-11-08,[1],,"[0, 3]",[3],[4],,,[2],[2],[1],[1],"[0, 3]","[2, 4]","[1, 3]",[1],"[5, 2]","[0, 2, 4]",[2],[0],[0],"[4, 1]",[3],[3],[1],,[2],,,[0],[2],"[1, 5]",,[3],,"[0, 1, 4]",[1],[2],[1],[0],,[0],,"[5, 4]","[4, 0, 3]",,[0],"[2, 3]",[2],[2],[3],[0],,[2],[4],[5],[4],[2],[4],[4],[1],[3],[2],[3],[0],"[2, 1, 4]",,
2015-11-15,[1],,"[0, 3]","[3, 0]",[4],[4],,[2],[2],[1],"[1, 2]","[0, 3]","[4, 2]","[1, 3]",[1],"[2, 5]","[0, 4, 2]",[2],[0],[0],"[1, 4]",[3],[3],[1],,[2],[2],,[0],[2],[1],,[3],,[0],[1],[2],[1],[0],,[0],[2],"[4, 5]","[3, 4]",[1],[0],"[2, 3]",[2],[2],[3],[0],[3],[2],[4],[5],[4],[2],"[5, 4]",,[1],[3],[2],,,[1],,[2]
2015-11-22,[1],,[3],[3],[4],[4],,[2],[2],[1],[1],[3],,"[1, 3]","[1, 4]","[5, 2]","[2, 0, 4]",[2],[0],[0],"[1, 4]",[3],[3],[1],[3],[2],,[4],"[2, 0]",,[1],,[3],,[0],[1],[2],[1],[0],,[0],[2],"[4, 5]","[3, 4]",[1],[0],[2],,[2],[3],[0],,[2],[4],[5],"[4, 2]",[2],[4],[4],[1],[3],"[2, 5]",,[0],"[2, 4, 1]",,
2015-11-29,,,[0],[0],,,,,,,[1],,,[4],[1],[2],"[0, 4]",,[0],[4],[1],,,[1],,,,,[0],,,,,,[0],,,[1],[0],,,[2],[4],,,[0],[5],[2],,,[0],[1],,,,,,[5],[1],,,,,,[1],,
2015-12-06,[1],,[3],[3],[4],,,[2],,[1],[1],[3],"[4, 2]",[3],[1],"[2, 5]","[2, 4]",,[0],"[4, 0]","[1, 4]",[3],[3],[1],[3],[2],"[3, 2]",[4],[0],,[1],,[3],,[0],[1],[2],[1],[0],,[3],"[2, 5]","[4, 5]","[4, 3, 0]",[1],,[2],[2],[2],[3],,,[3],[4],[5],[4],[2],[4],,[1],[3],[2],,[0],"[1, 2]",,[5]
2015-12-13,[1],[0],[3],"[0, 3]",[4],[4],"[4, 1]",[2],[2],[1],[1],[3],"[1, 4]","[1, 3]","[1, 4]","[5, 2]","[0, 2, 4]",[2],[0],"[0, 4]",[1],[3],[3],[1],[3],,,,[0],[2],[1],,[3],,[0],[1],[2],[1],[0],,[3],,"[5, 4]","[0, 4, 3]",[1],[0],[2],[2],[2],"[0, 3]",[0],[3],"[0, 3]",[4],[5],[4],[2],[4],,[1],[3],,,[0],"[1, 2]",,
2015-12-20,[1],,[0],[3],[4],[4],,[5],[2],[1],[2],[3],,[3],[1],[2],"[2, 4]",[2],[0],"[0, 4]",[1],[3],[3],[1],,,"[3, 2]",[4],[0],[2],,,,,[0],[1],[2],[1],[0],,,[5],[4],"[3, 4]",[1],[0],[2],[2],[2],"[0, 3]",[0],,"[0, 3]",[4],[5],"[4, 2]",[2],"[4, 5]",,[1],[3],[2],,[0],"[2, 4]",,
2015-12-27,,[0],,[0],,,,,[2],,[1],,,,,,,,,[0],,,,,,,,,,,,,,,,,,,[0],,[0],"[0, 2]",,,,,,,,,[0],,"[0, 3]",,,,,,,[1],,,,,[1],,
2016-01-03,,,,,,,,,,,[1],,,[2],,,,,,"[4, 0]",,,,,,,,[4],,,,,,,,,[2],[1],[0],,,,,,,,,[2],,[3],,,"[0, 3]",,,,[2],,,,,,,,[1],,
2016-01-10,[1],[0],,[3],[4],[4],,"[2, 5]","[2, 3]",[1],[1],[3],[4],[3],[1],[5],"[4, 2]",[2],,"[4, 0]",[1],[3],[4],[1],[3],[2],,,[0],[2],[1],,[3],,,[1],[2],[1],[0],,[3],"[2, 5]","[5, 4]","[0, 4]",[1],[0],[2],[2],"[2, 5]",[3],,,"[0, 3]",[4],,[4],[2],[4],,[1],[3],[2],,[0],"[1, 2, 4]",[3],
2016-01-17,[1],,[3],[3],[4],[4],[4],[2],[2],,[1],[3],"[2, 4]","[1, 3]",[1],[2],"[2, 0]",[2],[0],"[0, 4]",[1],[3],[3],[1],[3],,,[4],[0],[2],[1],,[3],,[0],[1],[2],[1],[0],,[3],[2],"[4, 5]","[0, 4]",,[0],[2],"[1, 2]","[2, 5]",[3],[0],,"[0, 1, 3]",[4],[5],[4],[2],[4],,[1],[3],[2],,[0],"[1, 2, 4]",[3],"[3, 0]"
2016-01-24,[1],,[3],[3],[4],[4],[4],[2],[2],[1],[1],[3],"[4, 2]",[3],[1],"[2, 5]","[4, 2]",[2],[0],"[0, 4]",[1],[3],[3],[1],[3],[2],[3],[4],[0],[2],[1],,,,[0],[1],,[1],[0],,[3],[2],"[4, 5]","[0, 4]",,[0],[2],[2],,[3],[0],,"[3, 0]",[4],[5],"[2, 4]",[2],[4],,[1],[3],[2],,[0],"[2, 1, 4]",[3],"[0, 3, 5]"
2016-01-31,[1],,[3],[3],[4],[4],[4],[2],[2],[1],[1],[3],"[2, 4]","[3, 1]",[1],[2],"[0, 2, 4]",[2],[0],[0],[1],[3],[3],[1],[3],,[2],[4],[0],[2],[1],,[3],,[0],[1],[2],[1],[0],,[3],"[2, 5]","[5, 4]","[3, 0, 4]",,[0],[2],[2],[2],[3],[0],,"[0, 3]",[4],[5],[4],[2],[4],,[1],[3],[2],,[0],"[2, 1]",[3],"[0, 3]"
2016-02-07,[1],[0],[3],,,[4],[4],[2],[2],[1],[1],[3],"[1, 2]",[3],[1],[2],[4],[2],[0],[0],"[1, 4]",[3],[3],[1],[3],[2],,[4],[0],[2],,,"[3, 0]",,,[1],[2],,[0],,[3],[2],,"[0, 4]",,[0],[2],[2],,[3],[0],,"[0, 3]",[4],[5],[4],[2],,[0],,[3],[2],,[0],,[3],"[0, 3]"
2016-02-14,[1],,[3],[3],[4],[4],[4],"[2, 5]",[2],[1],[1],[3],[2],[3],[1],,"[0, 2, 4]",[2],[0],[0],[1],[3],[3],[1],[3],,[2],[4],[0],[2],[1],,[3],,[0],[1],,[1],[0],,[3],[2],"[5, 4]",[3],,[0],[2],[2],[2],[3],[0],,"[0, 3]",[4],[5],[4],[2],[4],,[1],[3],[2],,[0],"[1, 2, 4]",[3],"[0, 3]"
2016-02-21,[1],,[3],[3],[4],[4],,[2],[2],[1],[1],[3],[2],"[1, 3]",[1],[2],"[2, 4]",[2],[0],[0],[1],[3],[3],[1],[3],[2],[3],[4],[0],[2],,,[3],,[0],[1],[2],[1],[0],,[3],"[2, 5]","[4, 5]",[3],,[0],[2],[2],[2],[3],[0],,"[3, 0]",[4],[5],"[4, 2]",[2],[4],[0],[1],[3],[2],,[0],"[2, 1, 4]",[3],"[0, 3]"
2016-02-28,[1],[0],[3],[3],[4],,[3],[2],[2],[1],[1],[3],"[2, 4]",[3],[1],[2],"[4, 2]",[2],[0],[0],[1],[3],[3],[1],[3],,[2],[4],[0],[3],[1],,[3],,[0],[1],[2],[1],[0],,[3],[2],,[3],,[0],[2],[2],[2],[3],[0],,"[0, 3]",[4],[5],[4],[2],[4],[1],[1],[3],[2],,[0],"[1, 2]",[3],"[0, 3, 5]"
2016-03-06,[1],,[3],[3],[4],,[4],[2],[2],[1],[1],[3],[2],"[1, 3]",[1],[2],"[4, 2]",[2],[0],[0],"[1, 4]",,[3],,,[2],[2],[4],[0],[2],[1],,[3],,[0],,[3],[1],[0],,[3],"[5, 2]","[5, 4]",,,[0],[2],,,[3],[0],,"[0, 3]",[4],[5],[4],[2],[4],[4],[1],,,,[0],"[2, 1]",[3],"[0, 3]"
2016-03-13,[1],[0],[3],[3],,[4],[4],,[2],[1],[2],[3],[2],[3],[1],[2],"[2, 4]",[2],[0],[0],[1],[3],[3],[1],[3],,[2],[4],[0],[2],[1],,,,[0],[1],[3],,[0],,[3],,[4],"[0, 3]",,[0],[2],[2],,[3],,,"[0, 3]",[4],[5],"[2, 4]",[2],[4],,[1],[3],[2],,[0],"[2, 1]",[3],"[0, 3]"
2016-03-20,[1],,[3],[3],,[4],[4],[2],[2],[1],[1],[3],[2],[3],[1],[2],"[2, 4]",[2],[0],[0],[1],[3],[3],[1],[3],[2],[3],[4],[0],[2],,,[3],,[0],[1],[2],,[0],,,[5],[4],[3],,[0],[2],[2],,[3],[0],,"[0, 3]",[4],[5],[4],[2],[4],,[1],[3],[2],,[0],"[1, 2, 4]",[3],"[0, 3]"
2016-03-27,[1],[0],,[3],,,[4],[2],[2],[1],[1],,[2],[1],[1],[2],[3],[2],[0],[0],[1],[3],,[1],[3],,[2],[4],[0],[2],[1],,[3],,[0],[1],[2],[1],[0],,,,"[5, 4]","[3, 4]",,[0],[2],,,[3],[0],,"[0, 3]",[4],[5],[4],[2],[4],,[1],[3],[2],,[0],"[1, 2]",[3],"[0, 3]"
2016-04-03,[1],,,,,,,,,,,,,,[1],,,[2],[1],[0],[1],,,,,,,,,,,,,,,[1],[2],,[0],,,,[5],,,,,,[2],,[0],,"[0, 3]",,,,,,,,,[2],,,"[1, 2]",,
2017-03-19,,,,,,,,,,,,,,,,,,,,,,,,,,,,,,,,,,,,,,,,,,,,[5],,,,,,,,,,,,,,,,,,,,,,,
